"film_title","film_revenue","film_percentual_position","running_total","percentual_cumulative_revenue"
"Telegraph Voyage","215.75","1.0000","61303.08","1.0000"
"Zorro Ark","199.72","0.9990","61087.33","0.9965"
"Wife Turn","198.73","0.9979","60887.61","0.9932"
"Innocent Usual","191.74","0.9969","60688.88","0.9900"
"Hustler Party","190.78","0.9958","60497.14","0.9869"
"Saturday Lambs","190.74","0.9948","60306.36","0.9837"
"Titans Jerk","186.73","0.9937","60115.62","0.9806"
"Harry Idaho","177.73","0.9927","59928.89","0.9776"
"Torque Bound","169.76","0.9916","59751.16","0.9747"
"Dogma Family","168.72","0.9906","59581.40","0.9719"
"Pelican Comforts","165.77","0.9896","59412.68","0.9692"
"Goodfellas Salute","164.75","0.9885","59246.91","0.9665"
"Fool Mockingbird","162.79","0.9875","59082.16","0.9638"
"Apache Divine","160.72","0.9864","58919.37","0.9611"
"Enemy Odds","159.75","0.9854","58758.65","0.9585"
"Cat Coneheads","159.73","0.9843","58598.90","0.9559"
"Scorpion Apollo","158.79","0.9833","58439.17","0.9533"
"Range Moonwalker","158.77","0.9822","58280.38","0.9507"
"Scalawag Duck","157.71","0.9812","58121.61","0.9481"
"Sunrise League","155.78","0.9801","57963.90","0.9455"
"Lola Agent","154.77","0.9791","57808.12","0.9430"
"Maiden Home","152.78","0.9781","57653.35","0.9405"
"Velvet Terminator","152.77","0.9770","57500.57","0.9380"
"Closer Bang","152.76","0.9760","57347.80","0.9355"
"Bucket Brotherhood","150.72","0.9749","57195.04","0.9330"
"Sting Personal","149.80","0.9739","57044.32","0.9305"
"Titanic Boondock","149.78","0.9728","56894.52","0.9281"
"Massacre Usual","149.75","0.9718","56744.74","0.9256"
"Nightmare Chill","148.79","0.9707","56594.99","0.9232"
"Videotape Arsenic","148.76","0.9697","56446.20","0.9208"
"American Circus","146.81","0.9687","56297.44","0.9183"
"Witches Panic","146.75","0.9676","56150.63","0.9160"
"Show Lord","145.78","0.9666","56003.88","0.9136"
"Minds Truman","144.81","0.9655","55858.10","0.9112"
"Working Microcosmos","144.78","0.9645","55713.29","0.9088"
"Wonderland Christmas","142.79","0.9624","55568.51","0.9065"
"Head Stranger","142.79","0.9624","55568.51","0.9065"
"Whisperer Giant","141.80","0.9613","55282.93","0.9018"
"Forrester Comancheros","141.74","0.9603","55141.13","0.8995"
"Backlash Undefeated","140.84","0.9592","54999.39","0.8972"
"Dorado Notting","140.78","0.9582","54858.55","0.8949"
"Boogie Amelie","140.74","0.9572","54717.77","0.8926"
"Secrets Paradise","139.82","0.9561","54577.03","0.8903"
"Mine Titans","138.83","0.9551","54437.21","0.8880"
"Pity Bound","138.77","0.9530","54298.38","0.8857"
"Stagecoach Armageddon","138.77","0.9530","54298.38","0.8857"
"Streetcar Intentions","137.77","0.9509","54020.84","0.8812"
"Roses Treasure","137.77","0.9509","54020.84","0.8812"
"Fellowship Autumn","137.76","0.9498","53745.30","0.8767"
"Steel Santa","136.78","0.9488","53607.54","0.8745"
"Confidential Interview","136.76","0.9478","53470.76","0.8722"
"Trip Newton","135.74","0.9467","53334.00","0.8700"
"Flintstones Happiness","134.83","0.9457","53198.26","0.8678"
"Garden Island","134.82","0.9446","53063.43","0.8656"
"Eagles Panky","134.81","0.9425","52928.61","0.8634"
"Suit Walls","134.81","0.9425","52928.61","0.8634"
"Flamingos Connecticut","134.78","0.9415","52658.99","0.8590"
"Attraction Newton","133.78","0.9404","52524.21","0.8568"
"Trading Pinocchio","133.77","0.9394","52390.43","0.8546"
"Heartbreakers Bright","132.80","0.9373","52256.66","0.8524"
"Easy Gladiator","132.80","0.9373","52256.66","0.8524"
"Durham Panky","132.76","0.9363","51991.06","0.8481"
"Moonshine Cabin","131.80","0.9352","51858.30","0.8459"
"Drifter Commandments","131.78","0.9331","51726.50","0.8438"
"Name Detective","131.78","0.9331","51726.50","0.8438"
"Aladdin Calendar","131.77","0.9321","51462.94","0.8395"
"Lies Treatment","131.76","0.9300","51331.17","0.8373"
"Coneheads Smoochy","131.76","0.9300","51331.17","0.8373"
"Midsummer Groundhog","129.82","0.9289","51067.65","0.8330"
"Details Packer","128.82","0.9279","50937.83","0.8309"
"Queen Luke","128.79","0.9269","50809.01","0.8288"
"Tourist Pelican","126.81","0.9258","50680.22","0.8267"
"Liaisons Sweet","126.79","0.9227","50553.41","0.8246"
"Sabrina Midnight","126.79","0.9227","50553.41","0.8246"
"Kiss Glory","126.79","0.9227","50553.41","0.8246"
"Seattle Expecations","125.80","0.9216","50173.04","0.8184"
"Beauty Grease","125.79","0.9206","50047.24","0.8164"
"Movie Shakespeare","125.78","0.9195","49921.45","0.8143"
"Gleaming Jawbreaker","125.72","0.9185","49795.67","0.8123"
"Chance Resurrection","124.76","0.9175","49669.95","0.8102"
"Calendar Gunfight","123.82","0.9164","49545.19","0.8082"
"Heavyweights Beast","123.78","0.9154","49421.37","0.8062"
"Satisfaction Confidential","122.84","0.9143","49297.59","0.8042"
"Yentl Idaho","122.79","0.9133","49174.75","0.8022"
"Coma Head","122.77","0.9122","49051.96","0.8002"
"Center Dinosaur","121.79","0.9112","48929.19","0.7982"
"Sleeping Suspects","121.78","0.9101","48807.40","0.7962"
"Princess Giant","121.77","0.9091","48685.62","0.7942"
"Pulp Beverly","121.74","0.9080","48563.85","0.7922"
"Kissing Dolls","120.83","0.9060","48442.11","0.7902"
"Dawn Pond","120.83","0.9060","48442.11","0.7902"
"Something Duck","120.82","0.9049","48200.45","0.7863"
"Trap Guys","119.85","0.9039","48079.63","0.7843"
"Pinocchio Simon","119.82","0.9028","47959.78","0.7823"
"Rage Games","119.81","0.9018","47839.96","0.7804"
"Bingo Talented","119.75","0.9007","47720.15","0.7784"
"Doors President","118.82","0.8997","47600.40","0.7765"
"Desert Poseidon","118.81","0.8986","47481.58","0.7745"
"Maltese Hope","118.79","0.8976","47362.77","0.7726"
"Suspects Quills","118.73","0.8966","47243.98","0.7707"
"Fidelity Devil","117.82","0.8955","47125.25","0.7687"
"Snatch Slipper","117.80","0.8945","47007.43","0.7668"
"High Encino","117.79","0.8934","46889.63","0.7649"
"Waterfront Deliverance","116.84","0.8924","46771.84","0.7630"
"Metropolis Coma","116.76","0.8913","46655.00","0.7611"
"Network Peak","116.73","0.8903","46538.24","0.7592"
"Road Roxanne","115.83","0.8882","46421.51","0.7572"
"Hunchback Impossible","115.83","0.8882","46421.51","0.7572"
"Beverly Outlaw","115.79","0.8861","46189.85","0.7535"
"Freddy Storm","115.79","0.8861","46189.85","0.7535"
"Conversation Downhill","114.83","0.8851","45958.27","0.7497"
"Cause Date","114.81","0.8840","45843.44","0.7478"
"Whale Bikini","113.85","0.8830","45728.63","0.7459"
"Lady Stage","113.84","0.8819","45614.78","0.7441"
"Redemption Comforts","113.80","0.8809","45500.94","0.7422"
"Strictly Scarface","113.77","0.8798","45387.14","0.7404"
"Secretary Rouge","112.82","0.8788","45273.37","0.7385"
"Agent Truman","111.81","0.8777","45160.55","0.7367"
"Money Harold","111.80","0.8757","45048.74","0.7349"
"Candles Grapes","111.80","0.8757","45048.74","0.7349"
"Mission Zoolander","110.84","0.8746","44825.14","0.7312"
"Interview Liaisons","110.82","0.8736","44714.30","0.7294"
"Prejudice Oleander","110.81","0.8725","44603.48","0.7276"
"Ridgemont Submarine","110.72","0.8715","44492.67","0.7258"
"Teen Apollo","109.86","0.8704","44381.95","0.7240"
"Shawshank Bubble","109.81","0.8694","44272.09","0.7222"
"Arachnophobia Rollercoaster","109.77","0.8673","44162.28","0.7204"
"Horn Working","109.77","0.8673","44162.28","0.7204"
"Butterfly Chocolat","108.74","0.8662","43942.74","0.7168"
"Command Darling","107.84","0.8652","43834.00","0.7150"
"Ghost Groundhog","107.81","0.8642","43726.16","0.7133"
"Philadelphia Wife","107.80","0.8631","43618.35","0.7115"
"Scarface Bang","106.84","0.8621","43510.55","0.7098"
"Falcon Volume","106.81","0.8589","43403.71","0.7080"
"Spice Sorority","106.81","0.8589","43403.71","0.7080"
"Brooklyn Desert","106.81","0.8589","43403.71","0.7080"
"Virtual Spoilers","105.87","0.8579","43083.28","0.7028"
"Galaxy Sweethearts","105.84","0.8568","42977.41","0.7011"
"League Hellfighters","105.83","0.8558","42871.57","0.6993"
"Requiem Tycoon","105.82","0.8537","42765.74","0.6976"
"Chasing Fight","105.82","0.8537","42765.74","0.6976"
"Driving Polish","105.81","0.8506","42554.10","0.6942"
"Reign Gentlemen","105.81","0.8506","42554.10","0.6942"
"Secret Groundhog","105.81","0.8506","42554.10","0.6942"
"Clueless Bucket","105.77","0.8495","42236.67","0.6890"
"Strangers Graffiti","104.86","0.8485","42130.90","0.6873"
"Breakfast Goldfinger","104.84","0.8474","42026.04","0.6855"
"Jerk Paycheck","104.81","0.8464","41921.20","0.6838"
"Wash Heavenly","104.80","0.8443","41816.39","0.6821"
"Truman Crazy","104.80","0.8443","41816.39","0.6821"
"Arizona Bang","104.79","0.8433","41606.79","0.6787"
"Hanky October","104.77","0.8422","41502.00","0.6770"
"Tycoon Gathering","103.88","0.8412","41397.23","0.6753"
"Sleepless Monsoon","103.83","0.8391","41293.35","0.6736"
"Million Ace","103.83","0.8391","41293.35","0.6736"
"Open African","103.81","0.8380","41085.69","0.6702"
"Angels Life","103.80","0.8370","40981.88","0.6685"
"Cupboard Sinners","103.78","0.8359","40878.08","0.6668"
"Greatest North","103.73","0.8349","40774.30","0.6651"
"Birds Perdition","102.83","0.8339","40670.57","0.6634"
"Undefeated Dalmations","102.81","0.8328","40567.74","0.6618"
"South Wait","102.79","0.8318","40464.93","0.6601"
"Timberland Sky","102.74","0.8297","40362.14","0.6584"
"Forward Temple","102.74","0.8297","40362.14","0.6584"
"Paycheck Wait","101.84","0.8276","40156.66","0.6551"
"Attacks Hate","101.84","0.8276","40156.66","0.6551"
"Expecations Natural","101.83","0.8255","39952.98","0.6517"
"Sweden Shining","101.83","0.8255","39952.98","0.6517"
"Tomorrow Hustler","101.76","0.8234","39749.32","0.6484"
"Samurai Lion","101.76","0.8234","39749.32","0.6484"
"Poseidon Forever","100.83","0.8224","39545.80","0.6451"
"Invasion Cyclone","100.74","0.8203","39444.97","0.6434"
"Giant Troopers","100.74","0.8203","39444.97","0.6434"
"Confused Candles","99.84","0.8192","39243.49","0.6402"
"Stepmom Dream","99.81","0.8182","39143.65","0.6385"
"Knock Warlock","99.79","0.8171","39043.84","0.6369"
"English Bulworth","99.74","0.8161","38944.05","0.6353"
"Hall Cassidy","98.84","0.8150","38844.31","0.6336"
"Egg Igby","98.81","0.8140","38745.47","0.6320"
"Brotherhood Blanket","98.77","0.8130","38646.66","0.6304"
"Thief Pelican","97.84","0.8119","38547.89","0.6288"
"Jason Trap","97.77","0.8109","38450.05","0.6272"
"Grit Clockwork","97.72","0.8088","38352.28","0.6256"
"Rocketeer Mother","97.72","0.8088","38352.28","0.6256"
"Shock Cabin","96.71","0.8077","38156.84","0.6224"
"Jericho Mulan","95.84","0.8067","38060.13","0.6209"
"Inch Jet","95.82","0.8056","37964.29","0.6193"
"Salute Apollo","95.80","0.8046","37868.47","0.6177"
"Gangs Pride","95.78","0.8036","37772.67","0.6162"
"Hyde Doctor","95.76","0.8025","37676.89","0.6146"
"Bilko Anonymous","94.88","0.8015","37581.13","0.6130"
"Gold River","94.86","0.8004","37486.25","0.6115"
"Mermaid Insects","94.85","0.7994","37391.39","0.6099"
"French Holiday","94.84","0.7983","37296.54","0.6084"
"Gorgeous Bingo","94.83","0.7973","37201.70","0.6068"
"Peak Forever","94.82","0.7962","37106.87","0.6053"
"Fargo Gandhi","94.79","0.7941","37012.05","0.6038"
"Patton Interview","94.79","0.7941","37012.05","0.6038"
"Fish Opus","94.78","0.7931","36822.47","0.6007"
"Expendable Stallion","94.74","0.7921","36727.69","0.5991"
"Spy Mile","94.73","0.7910","36632.95","0.5976"
"Day Unfaithful","93.88","0.7900","36538.22","0.5960"
"Sugar Wonka","93.85","0.7879","36444.34","0.5945"
"Pickup Driving","93.85","0.7879","36444.34","0.5945"
"Bear Graceland","93.81","0.7868","36256.64","0.5914"
"Camelot Vacation","93.76","0.7858","36162.83","0.5899"
"Sweethearts Suspects","93.73","0.7847","36069.07","0.5884"
"West Lion","92.86","0.7837","35975.34","0.5868"
"Hanging Deep","92.85","0.7827","35882.48","0.5853"
"Core Suit","92.84","0.7816","35789.63","0.5838"
"Jet Neighbors","92.83","0.7806","35696.79","0.5823"
"Hellfighters Sierra","92.81","0.7795","35603.96","0.5808"
"Fatal Haunted","92.77","0.7785","35511.15","0.5793"
"Silverado Goldfinger","91.88","0.7774","35418.38","0.5778"
"Destiny Saturday","91.85","0.7764","35326.50","0.5763"
"Balloon Homeward","91.78","0.7753","35234.65","0.5748"
"Dude Blindness","90.87","0.7743","35142.87","0.5733"
"Wizard Coldblooded","90.85","0.7732","35052.00","0.5718"
"Ice Crossing","90.78","0.7722","34961.15","0.5703"
"Pure Runner","89.85","0.7712","34870.37","0.5688"
"Coldblooded Darling","89.84","0.7701","34780.52","0.5674"
"Igby Maker","89.83","0.7691","34690.68","0.5659"
"Vacation Boondock","89.81","0.7680","34600.85","0.5644"
"Memento Zoolander","88.87","0.7659","34511.04","0.5630"
"Rocky War","88.87","0.7659","34511.04","0.5630"
"Candidate Perdition","88.82","0.7649","34333.30","0.5601"
"Metal Armageddon","88.79","0.7638","34244.48","0.5586"
"Telemark Heartbreakers","88.76","0.7618","34155.69","0.5572"
"Idols Snatchers","88.76","0.7618","34155.69","0.5572"
"Behavior Runaway","87.89","0.7607","33978.17","0.5543"
"Bright Encounters","87.88","0.7586","33890.28","0.5528"
"Flash Wars","87.88","0.7586","33890.28","0.5528"
"Hysterical Grail","87.85","0.7576","33714.52","0.5500"
"Darn Forrester","87.83","0.7565","33626.67","0.5485"
"Basic Easy","87.80","0.7555","33538.84","0.5471"
"Oz Liaisons","87.78","0.7534","33451.04","0.5457"
"Color Philadelphia","87.78","0.7534","33451.04","0.5457"
"Panky Submarine","86.88","0.7524","33275.48","0.5428"
"Airport Pollock","86.85","0.7513","33188.60","0.5414"
"Virgin Daisy","86.84","0.7492","33101.75","0.5400"
"Slacker Liaisons","86.84","0.7492","33101.75","0.5400"
"Seabiscuit Punk","86.76","0.7482","32928.07","0.5371"
"Muscle Bright","86.73","0.7471","32841.31","0.5357"
"Juggler Hardly","86.71","0.7461","32754.58","0.5343"
"Daisy Menagerie","85.86","0.7450","32667.87","0.5329"
"Steers Armageddon","85.85","0.7440","32582.01","0.5315"
"Robbers Joon","85.74","0.7429","32496.16","0.5301"
"Conquerer Nuts","84.87","0.7419","32410.42","0.5287"
"Chicago North","84.85","0.7409","32325.55","0.5273"
"Sea Virgin","84.81","0.7398","32240.70","0.5259"
"Alien Center","84.80","0.7388","32155.89","0.5245"
"Barbarella Streetcar","84.78","0.7377","32071.09","0.5232"
"Married Go","84.74","0.7367","31986.31","0.5218"
"Pittsburgh Hunchback","83.89","0.7356","31901.57","0.5204"
"Sagebrush Clueless","83.86","0.7325","31817.68","0.5190"
"Panther Reds","83.86","0.7325","31817.68","0.5190"
"Loser Hustler","83.86","0.7325","31817.68","0.5190"
"Dying Maker","83.85","0.7315","31566.10","0.5149"
"Forrest Sons","83.83","0.7304","31482.25","0.5136"
"Star Operation","83.80","0.7294","31398.42","0.5122"
"Affair Prejudice","83.79","0.7283","31314.62","0.5108"
"Oscar Gold","83.75","0.7273","31230.83","0.5094"
"Musketeers Wait","82.85","0.7241","31147.08","0.5081"
"Airplane Sierra","82.85","0.7241","31147.08","0.5081"
"Holiday Games","82.85","0.7241","31147.08","0.5081"
"Casablanca Super","82.84","0.7231","30898.53","0.5040"
"Hurricane Affair","82.77","0.7220","30815.69","0.5027"
"Paths Control","81.90","0.7210","30732.92","0.5013"
"Hanover Galaxy","81.86","0.7200","30651.02","0.5000"
"Campus Remember","81.83","0.7189","30569.16","0.4987"
"Rush Goodfellas","81.72","0.7179","30487.33","0.4973"
"Peach Innocent","80.86","0.7158","30405.61","0.4960"
"Dragonfly Strangers","80.86","0.7158","30405.61","0.4960"
"Human Graffiti","80.85","0.7147","30243.89","0.4934"
"Vanishing Rocky","80.83","0.7126","30163.04","0.4920"
"Orient Closer","80.83","0.7126","30163.04","0.4920"
"Wardrobe Phantom","80.77","0.7116","30001.38","0.4894"
"Operation Operation","80.75","0.7106","29920.61","0.4881"
"Betrayed Rear","79.87","0.7085","29839.86","0.4868"
"Edge Kissing","79.87","0.7085","29839.86","0.4868"
"Bikini Borrowers","79.86","0.7074","29680.12","0.4842"
"Carol Texas","79.83","0.7064","29600.26","0.4829"
"Paradise Sabrina","79.82","0.7053","29520.43","0.4815"
"Strangelove Desire","79.78","0.7043","29440.61","0.4802"
"None Spiking","79.75","0.7032","29360.83","0.4789"
"Super Wyoming","78.88","0.7022","29281.08","0.4776"
"Submarine Bed","78.87","0.7001","29202.20","0.4764"
"Rules Human","78.87","0.7001","29202.20","0.4764"
"Devil Desire","78.86","0.6980","29044.46","0.4738"
"Groundhog Uncut","78.86","0.6980","29044.46","0.4738"
"Jekyll Frogmen","78.84","0.6970","28886.74","0.4712"
"Intentions Empire","78.83","0.6959","28807.90","0.4699"
"Murder Antitrust","78.79","0.6949","28729.07","0.4686"
"Blackout Private","78.77","0.6938","28650.28","0.4674"
"Tracy Cider","78.76","0.6907","28571.51","0.4661"
"Contact Anonymous","78.76","0.6907","28571.51","0.4661"
"Deer Virginian","78.76","0.6907","28571.51","0.4661"
"Raging Airplane","77.88","0.6897","28335.23","0.4622"
"Creepers Kane","77.87","0.6876","28257.35","0.4609"
"Quills Bull","77.87","0.6876","28257.35","0.4609"
"Northwest Polish","77.82","0.6865","28101.61","0.4584"
"Flying Hook","77.81","0.6855","28023.79","0.4571"
"Quest Mussolini","77.80","0.6834","27945.98","0.4559"
"Harper Dying","77.80","0.6834","27945.98","0.4559"
"Disturbing Scarface","77.77","0.6813","27790.38","0.4533"
"Clash Freddy","77.77","0.6813","27790.38","0.4533"
"Horror Reign","77.75","0.6803","27634.84","0.4508"
"Lose Inch","77.74","0.6792","27557.09","0.4495"
"Tuxedo Mile","76.87","0.6771","27479.35","0.4483"
"Model Fish","76.87","0.6771","27479.35","0.4483"
"Lawless Vision","76.86","0.6729","27325.61","0.4457"
"Image Princess","76.86","0.6729","27325.61","0.4457"
"Grinch Massage","76.86","0.6729","27325.61","0.4457"
"Wanda Chamber","76.86","0.6729","27325.61","0.4457"
"Baked Cleopatra","76.85","0.6719","27018.17","0.4407"
"Sleepy Japanese","76.83","0.6698","26941.32","0.4395"
"National Story","76.83","0.6698","26941.32","0.4395"
"Unbreakable Karate","76.81","0.6688","26787.66","0.4370"
"Shakespeare Saddle","76.80","0.6677","26710.85","0.4357"
"Badman Dawn","76.79","0.6667","26634.05","0.4345"
"Island Exorcist","76.77","0.6656","26557.26","0.4332"
"Moonwalker Fool","75.89","0.6635","26480.49","0.4320"
"Connecticut Tramp","75.89","0.6635","26480.49","0.4320"
"Deep Crusade","75.87","0.6625","26328.71","0.4295"
"Searchers Wait","75.86","0.6604","26252.84","0.4282"
"Holes Brannigan","75.86","0.6604","26252.84","0.4282"
"Sons Interview","75.85","0.6594","26101.12","0.4258"
"Trojan Tomorrow","75.82","0.6573","26025.27","0.4245"
"Blues Instinct","75.82","0.6573","26025.27","0.4245"
"Atlantis Cause","75.79","0.6562","25873.63","0.4221"
"Malkovich Pet","75.77","0.6552","25797.84","0.4208"
"Autumn Crow","74.90","0.6541","25722.07","0.4196"
"Birch Antitrust","74.89","0.6531","25647.17","0.4184"
"Impossible Prejudice","74.86","0.6520","25572.28","0.4171"
"Lust Lock","74.82","0.6510","25497.42","0.4159"
"Flatliners Killer","74.81","0.6499","25422.60","0.4147"
"Crossroads Casualties","74.80","0.6489","25347.79","0.4135"
"Escape Metropolis","74.77","0.6479","25272.99","0.4123"
"Frost Head","74.72","0.6468","25198.22","0.4110"
"Thin Sagebrush","73.89","0.6447","25123.50","0.4098"
"California Birds","73.89","0.6447","25123.50","0.4098"
"Pluto Oleander","73.87","0.6437","24975.72","0.4074"
"Words Hunter","73.86","0.6416","24901.85","0.4062"
"Outlaw Hanky","73.86","0.6416","24901.85","0.4062"
"Wait Cider","73.82","0.6405","24754.13","0.4038"
"Fantasia Park","73.81","0.6395","24680.31","0.4026"
"Dream Pickup","73.80","0.6385","24606.50","0.4014"
"Half Outfield","73.79","0.6374","24532.70","0.4002"
"Darko Dorado","72.90","0.6364","24458.91","0.3990"
"Hope Tootsie","72.83","0.6353","24386.01","0.3978"
"Berets Agent","72.80","0.6343","24313.18","0.3966"
"Downhill Enough","72.79","0.6332","24240.38","0.3954"
"Cincinatti Whisperer","71.89","0.6322","24167.59","0.3942"
"Alabama Devil","71.88","0.6311","24095.70","0.3931"
"Blindness Gun","71.87","0.6301","24023.82","0.3919"
"Jacket Frisco","71.84","0.6290","23951.95","0.3907"
"Weekend Personal","71.83","0.6280","23880.11","0.3895"
"Wedding Apollo","71.79","0.6270","23808.28","0.3884"
"Confessions Maguire","70.87","0.6238","23736.49","0.3872"
"Jeepers Wedding","70.87","0.6238","23736.49","0.3872"
"Saturn Name","70.87","0.6238","23736.49","0.3872"
"Ferris Mother","70.85","0.6228","23523.88","0.3837"
"Remember Diary","70.83","0.6217","23453.03","0.3826"
"Trouble Date","70.81","0.6207","23382.20","0.3814"
"Gentlemen Stage","70.80","0.6186","23311.39","0.3803"
"Others Soup","70.80","0.6186","23311.39","0.3803"
"Amistad Midsummer","70.79","0.6176","23169.79","0.3780"
"Mallrats United","70.78","0.6165","23099.00","0.3768"
"Daughter Madigan","69.91","0.6144","23028.22","0.3756"
"Ties Hunger","69.91","0.6144","23028.22","0.3756"
"Beast Hunchback","69.90","0.6134","22888.40","0.3734"
"Vampire Whale","69.89","0.6123","22818.50","0.3722"
"Comforts Rush","69.85","0.6113","22748.61","0.3711"
"Instinct Airport","69.83","0.6102","22678.76","0.3699"
"Werewolf Lola","68.88","0.6082","22608.93","0.3688"
"Flight Lies","68.88","0.6082","22608.93","0.3688"
"Idaho Love","68.85","0.6071","22471.17","0.3666"
"Eyes Driving","68.84","0.6061","22402.32","0.3654"
"Bringing Hysterical","68.81","0.6050","22333.48","0.3643"
"Hobbit Alien","68.74","0.6040","22264.67","0.3632"
"Amelie Hellfighters","67.90","0.6029","22195.93","0.3621"
"Liberty Magnificent","67.89","0.6019","22128.03","0.3610"
"Dinosaur Secretary","67.81","0.6008","22060.14","0.3599"
"Jumping Wrath","67.79","0.5987","21992.33","0.3587"
"Goldfinger Sensibility","67.79","0.5987","21992.33","0.3587"
"Graffiti Love","67.74","0.5977","21856.75","0.3565"
"Rugrats Shakespeare","67.72","0.5967","21789.01","0.3554"
"Caribbean Liberty","66.92","0.5956","21721.29","0.3543"
"Twisted Pirates","66.89","0.5946","21654.37","0.3532"
"Dangerous Uptown","66.88","0.5914","21587.48","0.3521"
"Past Suicides","66.88","0.5914","21587.48","0.3521"
"Home Pity","66.88","0.5914","21587.48","0.3521"
"Boiled Dares","66.87","0.5893","21386.84","0.3489"
"Charade Duffel","66.87","0.5893","21386.84","0.3489"
"Zoolander Fiction","66.85","0.5873","21253.10","0.3467"
"Worst Banger","66.85","0.5873","21253.10","0.3467"
"Egypt Tenenbaums","66.84","0.5862","21119.40","0.3445"
"Wonka Sea","66.82","0.5841","21052.56","0.3434"
"Pollock Deliverance","66.82","0.5841","21052.56","0.3434"
"Stranger Strangers","65.90","0.5831","20918.92","0.3412"
"Chamber Italian","65.88","0.5799","20853.02","0.3402"
"Usual Untouchables","65.88","0.5799","20853.02","0.3402"
"War Notting","65.88","0.5799","20853.02","0.3402"
"Lonely Elephant","65.87","0.5789","20655.38","0.3369"
"Chariots Conspiracy","65.81","0.5778","20589.51","0.3359"
"House Dynamite","65.80","0.5768","20523.70","0.3348"
"Snowman Rollercoaster","65.79","0.5758","20457.90","0.3337"
"Madness Attacks","65.77","0.5747","20392.11","0.3326"
"Fiddler Lost","64.90","0.5726","20326.34","0.3316"
"Elephant Trojan","64.90","0.5726","20326.34","0.3316"
"Gunfighter Mussolini","64.89","0.5716","20196.54","0.3295"
"Madison Trap","64.87","0.5705","20131.65","0.3284"
"Divine Resurrection","64.85","0.5695","20066.78","0.3273"
"Swarm Gold","64.77","0.5684","20001.93","0.3263"
"Daddy Pittsburgh","63.89","0.5664","19937.16","0.3252"
"Anthem Luke","63.89","0.5664","19937.16","0.3252"
"Mother Oleander","63.87","0.5653","19809.38","0.3231"
"Bill Others","63.82","0.5643","19745.51","0.3221"
"Champion Flatliners","62.90","0.5632","19681.69","0.3211"
"Games Bowfinger","62.88","0.5622","19618.79","0.3200"
"Lovely Jingle","62.87","0.5611","19555.91","0.3190"
"Potter Connecticut","62.85","0.5601","19493.04","0.3180"
"Reap Unfaithful","62.84","0.5569","19430.19","0.3170"
"Driver Annie","62.84","0.5569","19430.19","0.3170"
"Gaslight Crusade","62.84","0.5569","19430.19","0.3170"
"Neighbors Charade","62.83","0.5559","19241.67","0.3139"
"Lebowski Soldiers","62.82","0.5549","19178.84","0.3129"
"Wrong Behavior","62.80","0.5538","19116.02","0.3118"
"Detective Vision","62.76","0.5528","19053.22","0.3108"
"Loathing Legally","62.74","0.5517","18990.46","0.3098"
"Casualties Encino","61.92","0.5507","18927.72","0.3088"
"Wyoming Storm","61.89","0.5496","18865.80","0.3077"
"Insider Arizona","61.83","0.5475","18803.91","0.3067"
"Alone Trip","61.83","0.5475","18803.91","0.3067"
"Pond Seattle","61.82","0.5465","18680.25","0.3047"
"Divide Monster","61.80","0.5444","18618.43","0.3037"
"Excitement Eve","61.80","0.5444","18618.43","0.3037"
"Orange Grapes","61.78","0.5434","18494.83","0.3017"
"Spartacus Cheaper","60.91","0.5423","18433.05","0.3007"
"Opus Ice","60.90","0.5413","18372.14","0.2997"
"Noon Papi","60.85","0.5402","18311.24","0.2987"
"Earring Instinct","60.83","0.5392","18250.39","0.2977"
"Sinners Atlantis","60.81","0.5381","18189.56","0.2967"
"Dynamite Tarzan","60.77","0.5371","18128.75","0.2957"
"Family Sweet","60.73","0.5361","18067.98","0.2947"
"King Evolution","59.92","0.5350","18007.25","0.2937"
"Jingle Sagebrush","59.89","0.5340","17947.33","0.2928"
"Born Spinal","59.88","0.5329","17887.44","0.2918"
"Jaws Harry","59.87","0.5319","17827.56","0.2908"
"Artist Coldblooded","59.86","0.5287","17767.69","0.2898"
"Nemo Campus","59.86","0.5287","17767.69","0.2898"
"Manchurian Curtain","59.86","0.5287","17767.69","0.2898"
"Honey Ties","59.84","0.5277","17588.11","0.2869"
"Clones Pinocchio","59.83","0.5256","17528.27","0.2859"
"Barefoot Manchurian","59.83","0.5256","17528.27","0.2859"
"Homicide Peach","59.82","0.5246","17408.61","0.2840"
"Smile Earring","58.90","0.5235","17348.79","0.2830"
"Sweet Brotherhood","58.89","0.5225","17289.89","0.2820"
"Nash Chocolat","58.87","0.5214","17231.00","0.2811"
"Fury Murder","58.83","0.5193","17172.13","0.2801"
"Doom Dancing","58.83","0.5193","17172.13","0.2801"
"Chicken Hellfighters","58.81","0.5172","17054.47","0.2782"
"Fiction Christmas","58.81","0.5172","17054.47","0.2782"
"Packer Madigan","58.80","0.5162","16936.85","0.2763"
"Hills Neighbors","58.79","0.5152","16878.05","0.2753"
"Temple Attraction","57.90","0.5120","16819.26","0.2744"
"October Submarine","57.90","0.5120","16819.26","0.2744"
"Lambs Cincinatti","57.90","0.5120","16819.26","0.2744"
"Sierra Divide","57.85","0.5110","16645.56","0.2715"
"Fireball Philadelphia","57.81","0.5099","16587.71","0.2706"
"Brannigan Sunrise","56.91","0.5089","16529.90","0.2696"
"Element Freddy","56.90","0.5078","16472.99","0.2687"
"Bowfinger Gables","56.89","0.5026","16416.09","0.2678"
"Meet Chocolate","56.89","0.5026","16416.09","0.2678"
"Opposite Necklace","56.89","0.5026","16416.09","0.2678"
"Fugitive Maguire","56.89","0.5026","16416.09","0.2678"
"Massage Image","56.89","0.5026","16416.09","0.2678"
"Identity Lover","56.88","0.5005","16131.64","0.2631"
"Turn Star","56.88","0.5005","16131.64","0.2631"
"Boulevard Mob","56.84","0.4984","16017.88","0.2613"
"Creatures Shakespeare","56.84","0.4984","16017.88","0.2613"
"Cider Desire","56.83","0.4974","15904.20","0.2594"
"River Outlaw","56.82","0.4963","15847.37","0.2585"
"Double Wrath","56.79","0.4953","15790.55","0.2576"
"Grapes Fury","56.77","0.4943","15733.76","0.2567"
"State Wasteland","55.89","0.4932","15676.99","0.2557"
"Beach Heartbreakers","55.86","0.4911","15621.10","0.2548"
"Analyze Hoosiers","55.86","0.4911","15621.10","0.2548"
"Mummy Creatures","55.85","0.4901","15509.38","0.2530"
"Greek Everyone","55.83","0.4890","15453.53","0.2521"
"Straight Hours","55.81","0.4880","15397.70","0.2512"
"Magnificent Chitty","54.92","0.4869","15341.89","0.2503"
"Lover Truman","54.91","0.4838","15286.97","0.2494"
"Ali Forever","54.91","0.4838","15286.97","0.2494"
"Monsoon Cause","54.91","0.4838","15286.97","0.2494"
"Racer Egg","54.83","0.4828","15122.24","0.2467"
"Outfield Massacre","54.82","0.4807","15067.41","0.2458"
"Dalmations Sweden","54.82","0.4807","15067.41","0.2458"
"Tights Dawn","54.76","0.4796","14957.77","0.2440"
"Frisco Forrest","53.91","0.4765","14903.01","0.2431"
"Bird Independence","53.91","0.4765","14903.01","0.2431"
"Nuts Ties","53.91","0.4765","14903.01","0.2431"
"Circus Youth","53.86","0.4754","14741.28","0.2405"
"Jade Bunch","53.85","0.4744","14687.42","0.2396"
"Perfect Groove","53.84","0.4734","14633.57","0.2387"
"Fight Jawbreaker","53.80","0.4723","14579.73","0.2378"
"Mockingbird Hollywood","53.78","0.4713","14525.93","0.2370"
"Ace Goldfinger","52.93","0.4702","14472.15","0.2361"
"Guys Falcon","52.92","0.4692","14419.22","0.2352"
"Doubtfire Labyrinth","52.91","0.4671","14366.30","0.2343"
"Vanilla Day","52.91","0.4671","14366.30","0.2343"
"Sensibility Rear","52.90","0.4650","14260.48","0.2326"
"Right Cranes","52.90","0.4650","14260.48","0.2326"
"Purple Movie","52.88","0.4639","14154.68","0.2309"
"Shane Darkness","52.87","0.4629","14101.80","0.2300"
"Willow Tracy","52.85","0.4608","14048.93","0.2292"
"Patriot Roman","52.85","0.4608","14048.93","0.2292"
"Gilmore Boiled","52.76","0.4598","13943.23","0.2274"
"Panic Club","51.93","0.4587","13890.47","0.2266"
"North Tequila","51.91","0.4577","13838.54","0.2257"
"Pilot Hoosiers","51.86","0.4566","13786.63","0.2249"
"Enough Raging","51.84","0.4535","13734.77","0.2240"
"Rouge Squad","51.84","0.4535","13734.77","0.2240"
"Moulin Wake","51.84","0.4535","13734.77","0.2240"
"Anaconda Confessions","51.82","0.4525","13579.25","0.2215"
"Karate Moon","51.80","0.4514","13527.43","0.2207"
"Iron Moon","50.90","0.4483","13475.63","0.2198"
"Lost Bird","50.90","0.4483","13475.63","0.2198"
"Chisum Behavior","50.90","0.4483","13475.63","0.2198"
"Window Side","50.89","0.4472","13322.93","0.2173"
"Reunion Witches","50.82","0.4462","13272.04","0.2165"
"Annie Identity","50.81","0.4451","13221.22","0.2157"
"Sun Confessions","50.77","0.4441","13170.41","0.2148"
"Handicap Boondock","50.76","0.4420","13119.64","0.2140"
"Bound Cheaper","50.76","0.4420","13119.64","0.2140"
"Valley Packer","49.88","0.4399","13018.12","0.2124"
"Exorcist Sting","49.88","0.4399","13018.12","0.2124"
"Mask Peach","49.86","0.4389","12918.36","0.2107"
"Heaven Freedom","49.85","0.4378","12868.50","0.2099"
"Novocaine Flight","49.82","0.4368","12818.65","0.2091"
"Chocolat Harry","49.81","0.4357","12768.83","0.2083"
"Dancing Fever","49.76","0.4347","12719.02","0.2075"
"Park Citizen","48.94","0.4336","12669.26","0.2067"
"Madigan Dorado","48.92","0.4316","12620.32","0.2059"
"Gosford Donnie","48.92","0.4316","12620.32","0.2059"
"Mod Secretary","48.91","0.4305","12522.48","0.2043"
"Rider Caddyshack","48.89","0.4295","12473.57","0.2035"
"Monster Spartacus","48.86","0.4284","12424.68","0.2027"
"Varsity Trip","48.84","0.4274","12375.82","0.2019"
"Rock Instinct","48.83","0.4253","12326.98","0.2011"
"Kick Savannah","48.83","0.4253","12326.98","0.2011"
"Sleuth Orient","48.81","0.4242","12229.32","0.1995"
"Slums Duck","48.78","0.4232","12180.51","0.1987"
"Sense Greek","47.93","0.4222","12131.73","0.1979"
"Reds Pocus","47.92","0.4211","12083.80","0.1971"
"Kramer Chocolate","47.91","0.4201","12035.88","0.1963"
"African Egg","47.89","0.4190","11987.97","0.1956"
"Dirty Ace","47.87","0.4169","11940.08","0.1948"
"Madre Gables","47.87","0.4169","11940.08","0.1948"
"Worker Tarzan","47.86","0.4159","11844.34","0.1932"
"Gables Metropolis","47.83","0.4148","11796.48","0.1924"
"Haunting Pianist","47.80","0.4138","11748.65","0.1916"
"Virginian Pluto","47.75","0.4127","11700.85","0.1909"
"Wonderful Drop","46.92","0.4107","11653.10","0.1901"
"Grosse Wonderful","46.92","0.4107","11653.10","0.1901"
"Trainspotting Strangers","46.91","0.4096","11559.26","0.1886"
"Stage World","46.90","0.4086","11512.35","0.1878"
"Shrunk Divine","46.87","0.4054","11465.45","0.1870"
"Town Ark","46.87","0.4054","11465.45","0.1870"
"Alley Evolution","46.87","0.4054","11465.45","0.1870"
"Troopers Metal","46.86","0.4033","11324.84","0.1847"
"Caddyshack Jedi","46.86","0.4033","11324.84","0.1847"
"Indian Love","46.85","0.4023","11231.12","0.1832"
"Newton Labyrinth","46.84","0.4013","11184.27","0.1824"
"Gunfight Moon","46.79","0.4002","11137.43","0.1817"
"Clerks Angels","45.94","0.3992","11090.64","0.1809"
"Casper Dragonfly","45.93","0.3981","11044.70","0.1802"
"Bugsy Song","45.91","0.3960","10998.77","0.1794"
"Lolita World","45.91","0.3960","10998.77","0.1794"
"Darkness War","45.88","0.3950","10906.95","0.1779"
"Uprising Uptown","45.87","0.3939","10861.07","0.1772"
"Pirates Roxanne","45.81","0.3929","10815.20","0.1764"
"Crusade Honey","44.93","0.3918","10769.39","0.1757"
"Darling Breaking","44.92","0.3898","10724.46","0.1749"
"Speed Suit","44.92","0.3898","10724.46","0.1749"
"Ship Wonderland","44.86","0.3887","10634.62","0.1735"
"Hours Rage","44.82","0.3877","10589.76","0.1727"
"Drop Waterfront","43.92","0.3856","10544.94","0.1720"
"Anything Savannah","43.92","0.3856","10544.94","0.1720"
"Potluck Mixed","43.90","0.3845","10457.10","0.1706"
"Microcosmos Paradise","43.88","0.3835","10413.20","0.1699"
"Cyclone Family","43.87","0.3814","10369.32","0.1691"
"Personal Ladybugs","43.87","0.3814","10369.32","0.1691"
"Freaky Pocus","43.86","0.3793","10281.58","0.1677"
"Shanghai Tycoon","43.86","0.3793","10281.58","0.1677"
"United Pilot","43.85","0.3783","10193.86","0.1663"
"Go Purple","43.83","0.3772","10150.01","0.1656"
"Pacific Amistad","43.81","0.3762","10106.18","0.1649"
"Goldmine Tycoon","43.76","0.3751","10062.37","0.1641"
"Ishtar Rocketeer","42.94","0.3741","10018.61","0.1634"
"Run Pacific","42.91","0.3730","9975.67","0.1627"
"Wars Pluto","42.90","0.3720","9932.76","0.1620"
"Scissorhands Slums","42.88","0.3689","9889.86","0.1613"
"Modern Dorado","42.88","0.3689","9889.86","0.1613"
"Express Lonely","42.88","0.3689","9889.86","0.1613"
"Stock Glass","42.87","0.3647","9761.22","0.1592"
"Graduate Lord","42.87","0.3647","9761.22","0.1592"
"Entrapment Satisfaction","42.87","0.3647","9761.22","0.1592"
"Uncut Suicides","42.87","0.3647","9761.22","0.1592"
"Lock Rear","42.86","0.3636","9589.74","0.1564"
"Kwai Homeward","42.80","0.3626","9546.88","0.1557"
"Voyage Legally","42.75","0.3615","9504.08","0.1550"
"Storm Happiness","42.74","0.3605","9461.33","0.1543"
"Punk Divorce","41.93","0.3595","9418.59","0.1536"
"Miracle Virtual","41.92","0.3563","9376.66","0.1530"
"Hotel Happiness","41.92","0.3563","9376.66","0.1530"
"Hoosiers Birdcage","41.92","0.3563","9376.66","0.1530"
"Breaking Home","41.90","0.3553","9250.90","0.1509"
"Speakeasy Date","41.89","0.3542","9209.00","0.1502"
"Party Knock","41.88","0.3521","9167.11","0.1495"
"Date Speed","41.88","0.3521","9167.11","0.1495"
"Labyrinth League","41.87","0.3511","9083.35","0.1482"
"Armageddon Lost","41.80","0.3501","9041.48","0.1475"
"Eve Resurrection","40.93","0.3469","8999.68","0.1468"
"Baby Hall","40.93","0.3469","8999.68","0.1468"
"Clue Grail","40.93","0.3469","8999.68","0.1468"
"Matrix Snowman","40.92","0.3427","8876.89","0.1448"
"Platoon Instinct","40.92","0.3427","8876.89","0.1448"
"Grail Frankenstein","40.92","0.3427","8876.89","0.1448"
"Tarzan Videotape","40.92","0.3427","8876.89","0.1448"
"Frida Slipper","40.90","0.3417","8713.21","0.1421"
"Paris Weekend","40.88","0.3375","8672.31","0.1415"
"Forever Candidate","40.88","0.3375","8672.31","0.1415"
"Wasteland Divine","40.88","0.3375","8672.31","0.1415"
"Hunting Musketeers","40.88","0.3375","8672.31","0.1415"
"Groove Fiction","40.83","0.3365","8508.79","0.1388"
"Tramp Others","40.82","0.3354","8467.96","0.1381"
"Banger Pinocchio","40.80","0.3344","8427.14","0.1375"
"Effect Gladiator","40.79","0.3323","8386.34","0.1368"
"Splendor Patton","40.79","0.3323","8386.34","0.1368"
"Pocus Pulp","40.75","0.3312","8304.76","0.1355"
"Jersey Sassy","39.94","0.3292","8264.01","0.1348"
"Terminator Club","39.94","0.3292","8264.01","0.1348"
"Intolerable Intentions","39.93","0.3271","8184.13","0.1335"
"Fire Wolves","39.93","0.3271","8184.13","0.1335"
"Hollow Jeopardy","39.92","0.3250","8104.27","0.1322"
"Legally Secretary","39.92","0.3250","8104.27","0.1322"
"Rollercoaster Bringing","39.91","0.3239","8024.43","0.1309"
"Lord Arizona","39.90","0.3229","7984.52","0.1302"
"Hamlet Wisdom","39.88","0.3218","7944.62","0.1296"
"Spinal Rocky","39.87","0.3208","7904.74","0.1289"
"Pajama Jawbreaker","39.86","0.3187","7864.87","0.1283"
"Cabin Flash","39.86","0.3187","7864.87","0.1283"
"Disciple Mother","39.82","0.3177","7785.15","0.1270"
"Mourning Purple","39.81","0.3166","7745.33","0.1263"
"Italian African","38.94","0.3156","7705.52","0.1257"
"Records Zorro","38.93","0.3145","7666.58","0.1251"
"Spiking Element","38.88","0.3135","7627.65","0.1244"
"Midnight Westward","38.84","0.3124","7588.77","0.1238"
"Encounters Curtain","38.82","0.3103","7549.93","0.1232"
"Club Graffiti","38.82","0.3103","7549.93","0.1232"
"Women Dorado","38.81","0.3093","7472.29","0.1219"
"Crooked Frogmen","38.79","0.3083","7433.48","0.1213"
"Pianist Outfield","38.78","0.3072","7394.69","0.1206"
"Graceland Dynamite","37.94","0.3062","7355.91","0.1200"
"Godfather Diary","37.92","0.3030","7317.97","0.1194"
"Life Twisted","37.92","0.3030","7317.97","0.1194"
"Vertigo Northwest","37.92","0.3030","7317.97","0.1194"
"Snatchers Montezuma","37.91","0.3020","7204.21","0.1175"
"Prix Undefeated","37.90","0.3009","7166.30","0.1169"
"Shrek License","37.88","0.2999","7128.40","0.1163"
"Roots Remember","37.86","0.2989","7090.52","0.1157"
"Joon Northwest","37.84","0.2978","7052.66","0.1150"
"Coast Rainbow","37.82","0.2968","7014.82","0.1144"
"Caper Motions","37.77","0.2947","6977.00","0.1138"
"Alaska Phantom","37.77","0.2947","6977.00","0.1138"
"Early Home","36.94","0.2936","6901.46","0.1126"
"Elizabeth Shane","36.93","0.2915","6864.52","0.1120"
"Soldiers Evolution","36.93","0.2915","6864.52","0.1120"
"Drumline Cyclone","36.90","0.2905","6790.66","0.1108"
"Army Flintstones","36.86","0.2884","6753.76","0.1102"
"Necklace Outbreak","36.86","0.2884","6753.76","0.1102"
"Majestic Floats","36.85","0.2874","6680.04","0.1090"
"Sundance Invasion","36.82","0.2863","6643.19","0.1084"
"Insects Stone","36.81","0.2842","6606.37","0.1078"
"Intrigue Worst","36.81","0.2842","6606.37","0.1078"
"Shootist Superfly","36.77","0.2832","6532.75","0.1066"
"Westward Seabiscuit","36.75","0.2821","6495.98","0.1060"
"Primary Glass","36.73","0.2811","6459.23","0.1054"
"Bubble Grosse","35.94","0.2769","6422.50","0.1048"
"President Bang","35.94","0.2769","6422.50","0.1048"
"Frontier Cabin","35.94","0.2769","6422.50","0.1048"
"School Jacket","35.94","0.2769","6422.50","0.1048"
"Glass Dying","35.88","0.2759","6278.74","0.1024"
"Fantasy Troopers","35.79","0.2748","6242.86","0.1018"
"Moon Bunch","35.74","0.2727","6207.07","0.1013"
"Story Side","35.74","0.2727","6207.07","0.1013"
"Elf Murder","34.94","0.2717","6135.59","0.1001"
"Adaptation Holes","34.89","0.2696","6100.65","0.0995"
"Magnolia Forrester","34.89","0.2696","6100.65","0.0995"
"Donnie Alley","34.87","0.2675","6030.87","0.0984"
"Illusion Amelie","34.87","0.2675","6030.87","0.0984"
"Taxi Kick","34.83","0.2665","5961.13","0.0972"
"Independence Hotel","34.82","0.2654","5926.30","0.0967"
"Earth Vision","34.77","0.2623","5891.48","0.0961"
"Curtain Videotape","34.77","0.2623","5891.48","0.0961"
"Carrie Bunch","34.77","0.2623","5891.48","0.0961"
"Talented Homicide","34.76","0.2612","5787.17","0.0944"
"Fever Empire","33.95","0.2602","5752.41","0.0938"
"Wagon Jaws","33.91","0.2571","5718.46","0.0933"
"Maguire Apache","33.91","0.2571","5718.46","0.0933"
"Cranes Reservoir","33.91","0.2571","5718.46","0.0933"
"Blanket Beverly","33.90","0.2560","5616.73","0.0916"
"Mile Mulan","33.89","0.2550","5582.83","0.0911"
"Splash Gump","33.86","0.2539","5548.94","0.0905"
"Watch Tracy","33.85","0.2529","5515.08","0.0900"
"Lion Uncut","33.83","0.2518","5481.23","0.0894"
"Academy Dinosaur","33.79","0.2497","5447.40","0.0889"
"Wind Phantom","33.79","0.2497","5447.40","0.0889"
"Tequila Past","32.94","0.2476","5379.82","0.0878"
"Heavenly Gun","32.94","0.2476","5379.82","0.0878"
"Bulworth Commandments","32.93","0.2466","5313.94","0.0867"
"Maker Gables","32.90","0.2435","5281.01","0.0861"
"Lucky Flying","32.90","0.2435","5281.01","0.0861"
"Stone Fire","32.90","0.2435","5281.01","0.0861"
"Saddle Antitrust","32.89","0.2424","5182.31","0.0845"
"Robbery Bright","32.88","0.2414","5149.42","0.0840"
"Summer Scarface","32.86","0.2393","5116.54","0.0835"
"Stampede Disturbing","32.86","0.2393","5116.54","0.0835"
"Volcano Texas","32.81","0.2382","5050.82","0.0824"
"Amadeus Holy","32.80","0.2372","5018.01","0.0819"
"Desperate Trainspotting","31.94","0.2330","4985.21","0.0813"
"Dozen Lion","31.94","0.2330","4985.21","0.0813"
"Haunted Antitrust","31.94","0.2330","4985.21","0.0813"
"Control Anthem","31.94","0.2330","4985.21","0.0813"
"Destination Jerk","31.92","0.2309","4857.45","0.0792"
"Saints Bride","31.92","0.2309","4857.45","0.0792"
"Random Go","31.91","0.2288","4793.61","0.0782"
"Feathers Metal","31.91","0.2288","4793.61","0.0782"
"Hedwig Alter","31.90","0.2257","4729.79","0.0772"
"Song Hedwig","31.90","0.2257","4729.79","0.0772"
"Mighty Luck","31.90","0.2257","4729.79","0.0772"
"Natural Stock","31.88","0.2247","4634.09","0.0756"
"Rings Heartbreakers","31.87","0.2236","4602.21","0.0751"
"Bonnie Holocaust","31.85","0.2226","4570.34","0.0746"
"Voice Peach","31.83","0.2215","4538.49","0.0740"
"Outbreak Divine","31.82","0.2205","4506.66","0.0735"
"Congeniality Quest","31.81","0.2184","4474.84","0.0730"
"Chainsaw Uptown","31.81","0.2184","4474.84","0.0730"
"Feud Frogmen","31.80","0.2173","4411.22","0.0720"
"Seven Swarm","30.95","0.2163","4379.42","0.0714"
"Blood Argonauts","30.93","0.2153","4348.47","0.0709"
"Jumanji Blade","30.92","0.2142","4317.54","0.0704"
"Mulan Moon","30.89","0.2132","4286.62","0.0699"
"Theory Mermaid","30.88","0.2121","4255.73","0.0694"
"Factory Dragon","30.85","0.2111","4224.85","0.0689"
"Mars Roman","30.83","0.2090","4194.00","0.0684"
"Cheaper Clyde","30.83","0.2090","4194.00","0.0684"
"Alter Victory","30.80","0.2079","4132.34","0.0674"
"Gun Bonnie","30.79","0.2069","4101.54","0.0669"
"Alamo Videotape","30.78","0.2059","4070.75","0.0664"
"Halloween Nuts","29.92","0.2038","4039.97","0.0659"
"Gone Trouble","29.92","0.2038","4039.97","0.0659"
"Reservoir Adaptation","29.91","0.2017","3980.13","0.0649"
"Wisdom Worker","29.91","0.2017","3980.13","0.0649"
"Uptown Young","29.90","0.1996","3920.31","0.0639"
"Santa Paris","29.90","0.1996","3920.31","0.0639"
"Side Ark","29.88","0.1985","3860.51","0.0630"
"Roxanne Rebel","29.83","0.1975","3830.63","0.0625"
"Blade Polish","29.81","0.1964","3800.80","0.0620"
"Chill Luck","29.79","0.1954","3770.99","0.0615"
"Untouchables Sunrise","28.93","0.1923","3741.20","0.0610"
"Cowboy Doom","28.93","0.1923","3741.20","0.0610"
"Luke Mummy","28.93","0.1923","3741.20","0.0610"
"Dwarfs Alter","28.92","0.1902","3654.41","0.0596"
"Chitty Lock","28.92","0.1902","3654.41","0.0596"
"Won Dares","28.91","0.1891","3596.57","0.0587"
"Jeopardy Encino","28.90","0.1881","3567.66","0.0582"
"Tootsie Pilot","28.88","0.1870","3538.76","0.0577"
"Dances None","28.87","0.1860","3509.88","0.0573"
"Louisiana Harry","28.84","0.1850","3481.01","0.0568"
"Celebrity Horn","28.79","0.1839","3452.17","0.0563"
"Shepherd Midsummer","28.77","0.1829","3423.38","0.0558"
"Informer Double","27.95","0.1818","3394.61","0.0554"
"Squad Fish","27.93","0.1787","3366.66","0.0549"
"Papi Necklace","27.93","0.1787","3366.66","0.0549"
"Antitrust Tomatoes","27.93","0.1787","3366.66","0.0549"
"Dolls Rage","27.92","0.1776","3282.87","0.0536"
"Mob Duffel","27.90","0.1766","3254.95","0.0531"
"Minority Kiss","27.89","0.1745","3227.05","0.0526"
"Dragon Squad","27.89","0.1745","3227.05","0.0526"
"Rear Trading","27.85","0.1724","3171.27","0.0517"
"Cleopatra Devil","27.85","0.1724","3171.27","0.0517"
"Room Roman","27.82","0.1714","3115.57","0.0508"
"Highball Potter","27.81","0.1682","3087.75","0.0504"
"Canyon Stock","27.81","0.1682","3087.75","0.0504"
"Encino Elf","27.81","0.1682","3087.75","0.0504"
"Grease Youth","27.80","0.1672","3004.32","0.0490"
"Private Drop","26.95","0.1661","2976.52","0.0486"
"Dares Pluto","26.92","0.1630","2949.57","0.0481"
"Unfaithful Kill","26.92","0.1630","2949.57","0.0481"
"Pet Haunting","26.92","0.1630","2949.57","0.0481"
"Crazy Home","26.91","0.1620","2868.81","0.0468"
"Finding Anaconda","26.90","0.1609","2841.90","0.0464"
"Evolution Alter","26.88","0.1599","2815.00","0.0459"
"Christmas Moonshine","26.81","0.1578","2788.12","0.0455"
"Empire Malkovich","26.81","0.1578","2788.12","0.0455"
"Bunch Minds","25.95","0.1567","2734.50","0.0446"
"Pizza Jumanji","25.94","0.1557","2708.55","0.0442"
"Desire Alien","25.92","0.1546","2682.61","0.0438"
"Translation Summer","25.87","0.1526","2656.69","0.0433"
"Motions Details","25.87","0.1526","2656.69","0.0433"
"Borrowers Bedazzled","25.80","0.1515","2604.95","0.0425"
"Roman Punk","25.79","0.1505","2579.15","0.0421"
"Train Bunch","24.96","0.1494","2553.36","0.0417"
"Traffic Hobbit","24.95","0.1463","2528.40","0.0412"
"Apocalypse Flamingos","24.95","0.1463","2528.40","0.0412"
"Hunter Alter","24.95","0.1463","2528.40","0.0412"
"Bed Highball","24.94","0.1452","2453.55","0.0400"
"Diary Panic","24.92","0.1432","2428.61","0.0396"
"World Leathernecks","24.92","0.1432","2428.61","0.0396"
"Oleander Clue","24.91","0.1421","2378.77","0.0388"
"Drums Dynamite","24.87","0.1400","2353.86","0.0384"
"Notorious Reunion","24.87","0.1400","2353.86","0.0384"
"Slipper Fidelity","24.86","0.1390","2304.12","0.0376"
"Resurrection Silverado","24.81","0.1369","2279.26","0.0372"
"Masked Bubble","24.81","0.1369","2279.26","0.0372"
"Deceiver Betrayed","24.80","0.1358","2229.64","0.0364"
"Wolves Desire","24.79","0.1348","2204.84","0.0360"
"Doctor Grail","23.95","0.1327","2180.05","0.0356"
"Mannequin Worst","23.95","0.1327","2180.05","0.0356"
"Cassidy Wyoming","23.94","0.1317","2132.15","0.0348"
"Chaplin License","23.92","0.1296","2108.21","0.0344"
"Clyde Theory","23.92","0.1296","2108.21","0.0344"
"Birdcage Casper","23.91","0.1285","2060.37","0.0336"
"Reef Salute","23.89","0.1275","2036.46","0.0332"
"Homeward Cider","23.84","0.1254","2012.57","0.0328"
"Holocaust Highball","23.84","0.1254","2012.57","0.0328"
"Extraordinary Conquerer","22.94","0.1223","1964.89","0.0321"
"Happiness United","22.94","0.1223","1964.89","0.0321"
"Lesson Cleopatra","22.94","0.1223","1964.89","0.0321"
"Bang Kwai","22.93","0.1202","1896.07","0.0309"
"Newsies Story","22.93","0.1202","1896.07","0.0309"
"Shining Roses","22.92","0.1191","1850.21","0.0302"
"Savannah Town","22.90","0.1181","1827.29","0.0298"
"Everyone Craft","22.89","0.1170","1804.39","0.0294"
"Wrath Mile","22.87","0.1160","1781.50","0.0291"
"Love Suicides","22.85","0.1149","1758.63","0.0287"
"Unforgiven Zoolander","22.84","0.1139","1735.78","0.0283"
"Dracula Crystal","22.81","0.1129","1712.94","0.0279"
"Divorce Shining","21.95","0.1118","1690.13","0.0276"
"Leathernecks Dwarfs","21.94","0.1076","1668.18","0.0272"
"Killer Innocent","21.94","0.1076","1668.18","0.0272"
"Warlock Werewolf","21.94","0.1076","1668.18","0.0272"
"Phantom Glory","21.94","0.1076","1668.18","0.0272"
"Mulholland Beast","21.93","0.1055","1580.42","0.0258"
"Luck Opus","21.93","0.1055","1580.42","0.0258"
"Arabia Dogma","21.88","0.1045","1536.56","0.0251"
"Citizen Shrek","21.87","0.1034","1514.68","0.0247"
"Vietnam Smoochy","21.86","0.1024","1492.81","0.0244"
"Bull Shawshank","21.84","0.1014","1470.95","0.0240"
"Patient Sister","21.82","0.1003","1449.11","0.0236"
"Duck Racer","20.95","0.0993","1427.29","0.0233"
"Music Boondock","20.83","0.0982","1406.34","0.0229"
"Bride Intrigue","20.82","0.0961","1385.51","0.0226"
"Jedi Beneath","20.82","0.0961","1385.51","0.0226"
"Gathering Calendar","19.90","0.0951","1343.87","0.0219"
"Monterey Labyrinth","19.89","0.0940","1323.97","0.0216"
"Tenenbaums Command","19.88","0.0909","1304.08","0.0213"
"Sorority Queen","19.88","0.0909","1304.08","0.0213"
"Hunger Roof","19.88","0.0909","1304.08","0.0213"
"Odds Boogie","19.87","0.0899","1244.44","0.0203"
"Tomatoes Hellfighters","19.86","0.0888","1224.57","0.0200"
"Simon North","18.94","0.0857","1204.71","0.0197"
"Menagerie Rushmore","18.94","0.0857","1204.71","0.0197"
"Rushmore Mermaid","18.94","0.0857","1204.71","0.0197"
"Impact Aladdin","18.92","0.0846","1147.89","0.0187"
"Spoilers Hellfighters","18.91","0.0836","1128.97","0.0184"
"Spirited Casualties","18.90","0.0815","1110.06","0.0181"
"Language Cowboy","18.90","0.0815","1110.06","0.0181"
"Craft Outfield","18.86","0.0805","1072.26","0.0175"
"Polish Brooklyn","18.85","0.0794","1053.40","0.0172"
"Ladybugs Armageddon","17.94","0.0773","1034.55","0.0169"
"License Weekend","17.94","0.0773","1034.55","0.0169"
"Magic Mallrats","17.93","0.0763","998.67","0.0163"
"Holy Tadpole","17.92","0.0742","980.74","0.0160"
"Mystic Truman","17.92","0.0742","980.74","0.0160"
"Gilbert Pelican","17.91","0.0731","944.90","0.0154"
"Ending Crowds","17.90","0.0721","926.99","0.0151"
"Streak Ridgemont","17.87","0.0690","909.09","0.0148"
"Anonymous Human","17.87","0.0690","909.09","0.0148"
"Hook Chariots","17.87","0.0690","909.09","0.0148"
"Pride Alamo","17.85","0.0679","855.48","0.0140"
"Smoking Barbarella","17.84","0.0669","837.63","0.0137"
"Conspiracy Spirit","16.95","0.0637","819.79","0.0134"
"Full Flatliners","16.95","0.0637","819.79","0.0134"
"Braveheart Human","16.95","0.0637","819.79","0.0134"
"Youth Kick","16.94","0.0627","768.94","0.0125"
"Superfly Trip","16.91","0.0617","752.00","0.0123"
"Beneath Rush","16.90","0.0596","735.09","0.0120"
"Frogmen Breaking","16.90","0.0596","735.09","0.0120"
"Mosquito Armageddon","16.89","0.0564","701.29","0.0114"
"Loverboy Attacks","16.89","0.0564","701.29","0.0114"
"Beethoven Exorcist","16.89","0.0564","701.29","0.0114"
"Gandhi Kwai","16.87","0.0554","650.62","0.0106"
"Siege Madre","16.86","0.0543","633.75","0.0103"
"Mixed Doors","15.96","0.0522","616.89","0.0101"
"Hardly Robbers","15.96","0.0522","616.89","0.0101"
"Mussolini Spoilers","15.95","0.0512","584.97","0.0095"
"Wild Apollo","15.94","0.0502","569.02","0.0093"
"Lawrence Love","15.87","0.0491","553.08","0.0090"
"Silence Kane","15.85","0.0481","537.21","0.0088"
"Glory Tracy","14.95","0.0470","521.36","0.0085"
"Sling Luke","14.94","0.0449","506.41","0.0083"
"Vanished Garden","14.94","0.0449","506.41","0.0083"
"Runner Madigan","14.92","0.0428","476.53","0.0078"
"Jungle Closer","14.92","0.0428","476.53","0.0078"
"Crow Grease","14.89","0.0418","446.69","0.0073"
"Smoochy Control","14.88","0.0387","431.80","0.0070"
"Sassy Packer","14.88","0.0387","431.80","0.0070"
"Bedazzled Married","14.88","0.0387","431.80","0.0070"
"Greedy Roots","14.87","0.0376","387.16","0.0063"
"Spirit Flintstones","14.86","0.0366","372.29","0.0061"
"Watership Frontier","13.94","0.0345","357.43","0.0058"
"Dumbo Lust","13.94","0.0345","357.43","0.0058"
"Kane Exorcist","13.88","0.0334","329.55","0.0054"
"Hollywood Anonymous","13.87","0.0324","315.67","0.0051"
"Hawk Chill","12.94","0.0313","301.80","0.0049"
"Legend Jedi","12.92","0.0303","288.86","0.0047"
"Victory Academy","12.91","0.0282","275.94","0.0045"
"Notting Speakeasy","12.91","0.0282","275.94","0.0045"
"Valentine Vanishing","12.90","0.0272","250.12","0.0041"
"Vision Torque","11.94","0.0261","237.22","0.0039"
"Soup Wisdom","11.93","0.0230","225.28","0.0037"
"Sunset Racer","11.93","0.0230","225.28","0.0037"
"Runaway Tenenbaums","11.93","0.0230","225.28","0.0037"
"Montezuma Command","11.91","0.0219","189.49","0.0031"
"Clockwork Paradise","11.90","0.0209","177.58","0.0029"
"Zhivago Core","10.93","0.0188","165.68","0.0027"
"Maude Mod","10.93","0.0188","165.68","0.0027"
"Jawbreaker Brooklyn","10.91","0.0167","143.82","0.0023"
"Towers Hurricane","10.91","0.0167","143.82","0.0023"
"Comancheros Enemy","9.94","0.0157","122.00","0.0020"
"Ballroom Mockingbird","9.93","0.0146","112.06","0.0018"
"Connection Microcosmos","8.95","0.0136","102.13","0.0017"
"Ghostbusters Elf","8.93","0.0115","93.18","0.0015"
"Harold French","8.93","0.0115","93.18","0.0015"
"Japanese Run","7.94","0.0094","75.32","0.0012"
"Stallion Sundance","7.94","0.0094","75.32","0.0012"
"Lights Deer","7.93","0.0084","59.44","0.0010"
"Treatment Jekyll","6.94","0.0063","51.51","0.0008"
"Cruelty Unforgiven","6.94","0.0063","51.51","0.0008"
"Young Language","6.93","0.0042","37.63","0.0006"
"Rebel Airport","6.93","0.0042","37.63","0.0006"
"Freedom Cleopatra","5.95","0.0031","23.77","0.0004"
"Texas Watch","5.94","0.0000","17.82","0.0003"
"Duffel Apocalypse","5.94","0.0000","17.82","0.0003"
"Oklahoma Jumanji","5.94","0.0000","17.82","0.0003"
