"title","number_of_copies","total_rentals_duration_in_hours","percentual_occupancy_ratio"
"Impact Aladdin","2","1555","32.36"
"Gone Trouble","2","1470","30.59"
"Reds Pocus","2","1450","30.17"
"Backlash Undefeated","4","2827","29.41"
"Home Pity","3","2092","29.02"
"Blood Argonauts","2","1361","28.32"
"Whale Bikini","4","2674","27.82"
"Easy Gladiator","5","3318","27.62"
"Wonderful Drop","2","1300","27.05"
"Grail Frankenstein","2","1274","26.51"
"Hills Neighbors","6","3816","26.47"
"Doom Dancing","5","3174","26.42"
"Majestic Floats","4","2513","26.14"
"Rules Human","4","2506","26.07"
"African Egg","3","1876","26.02"
"Crusade Honey","2","1250","26.01"
"Love Suicides","4","2494","25.95"
"Timberland Sky","7","4323","25.70"
"Pittsburgh Hunchback","3","1839","25.51"
"Madigan Dorado","2","1225","25.49"
"Bikini Borrowers","4","2446","25.45"
"Metal Armageddon","6","3639","25.24"
"Hunting Musketeers","3","1816","25.19"
"Magnificent Chitty","2","1209","25.16"
"Life Twisted","2","1208","25.14"
"Telegraph Voyage","7","4211","25.03"
"Jungle Closer","2","1198","24.93"
"Seattle Expecations","5","2993","24.91"
"Anything Savannah","2","1194","24.84"
"Connecticut Tramp","3","1786","24.77"
"Brotherhood Blanket","6","3563","24.71"
"Mile Mulan","3","1779","24.68"
"Holy Tadpole","2","1184","24.64"
"Sweet Brotherhood","3","1775","24.62"
"Mystic Truman","2","1174","24.43"
"Halloween Nuts","2","1172","24.39"
"Speed Suit","2","1171","24.37"
"Massacre Usual","7","4097","24.36"
"Jumping Wrath","6","3511","24.35"
"Gun Bonnie","6","3501","24.28"
"Luck Opus","2","1165","24.24"
"Lost Bird","3","1747","24.23"
"Pickup Driving","4","2325","24.19"
"Bear Graceland","5","2902","24.15"
"Strangers Graffiti","4","2318","24.12"
"Barbarella Streetcar","6","3455","23.96"
"Fellowship Autumn","6","3447","23.91"
"Witches Panic","7","4015","23.87"
"Madre Gables","4","2288","23.80"
"Northwest Polish","5","2858","23.79"
"Panky Submarine","4","2286","23.78"
"Zhivago Core","2","1142","23.76"
"Darling Breaking","2","1137","23.66"
"Elizabeth Shane","2","1136","23.64"
"Notorious Reunion","4","2271","23.63"
"Rear Trading","4","2271","23.63"
"Nash Chocolat","4","2270","23.62"
"Unbreakable Karate","5","2827","23.53"
"Dorado Notting","7","3956","23.52"
"Gorgeous Bingo","5","2813","23.41"
"Antitrust Tomatoes","2","1124","23.39"
"Saddle Antitrust","3","1679","23.29"
"Anthem Luke","3","1677","23.26"
"Ridgemont Submarine","8","4472","23.26"
"Lights Deer","2","1116","23.22"
"Werewolf Lola","3","1673","23.21"
"Entrapment Satisfaction","4","2210","22.99"
"Bright Encounters","3","1652","22.92"
"Ghostbusters Elf","2","1101","22.91"
"Valentine Vanishing","3","1646","22.83"
"King Evolution","2","1097","22.83"
"Groove Fiction","5","2738","22.79"
"Outbreak Divine","5","2731","22.73"
"Airport Pollock","4","2184","22.72"
"Gandhi Kwai","4","2178","22.66"
"Fantasy Troopers","6","3264","22.64"
"Madness Attacks","6","3258","22.60"
"Gleaming Jawbreaker","8","4327","22.51"
"Wagon Jaws","3","1619","22.46"
"Hanging Deep","4","2157","22.44"
"Cheaper Clyde","5","2696","22.44"
"Streak Ridgemont","4","2157","22.44"
"Sweden Shining","5","2692","22.41"
"Noon Papi","4","2153","22.40"
"Forward Temple","8","4297","22.35"
"Smile Earring","3","1609","22.32"
"Mighty Luck","3","1607","22.29"
"Butterfly Chocolat","8","4270","22.21"
"Rocketeer Mother","8","4265","22.19"
"Rings Heartbreakers","4","2130","22.16"
"Hamlet Wisdom","4","2129","22.15"
"Trap Guys","4","2127","22.13"
"Hobbit Alien","8","4253","22.12"
"Untouchables Sunrise","2","1063","22.12"
"Daddy Pittsburgh","3","1594","22.11"
"Madison Trap","4","2125","22.11"
"Beach Heartbreakers","4","2121","22.07"
"Loverboy Attacks","3","1590","22.06"
"Mask Peach","4","2118","22.03"
"English Bulworth","7","3688","21.92"
"Wardrobe Phantom","6","3155","21.88"
"Tourist Pelican","5","2628","21.87"
"Voyage Legally","7","3670","21.82"
"Pelican Comforts","7","3669","21.81"
"Color Philadelphia","6","3144","21.81"
"Oleander Clue","3","1570","21.78"
"Flight Lies","4","2093","21.77"
"Virtual Spoilers","4","2091","21.75"
"Lucky Flying","3","1567","21.74"
"Polish Brooklyn","4","2088","21.72"
"Run Pacific","3","1562","21.67"
"Ghost Groundhog","5","2596","21.61"
"Artist Coldblooded","4","2072","21.56"
"Sunset Racer","2","1036","21.56"
"Robbers Joon","7","3623","21.54"
"Elephant Trojan","3","1552","21.53"
"Hanky October","7","3621","21.53"
"Handicap Boondock","6","3103","21.52"
"Roman Punk","6","3100","21.50"
"Hollow Jeopardy","2","1033","21.49"
"Network Peak","8","4129","21.48"
"Champion Flatliners","3","1548","21.47"
"Westward Seabiscuit","7","3607","21.44"
"Balloon Homeward","6","3090","21.43"
"Uncut Suicides","4","2057","21.40"
"Wash Heavenly","5","2566","21.36"
"Jeepers Wedding","4","2053","21.36"
"Papi Necklace","2","1026","21.35"
"Teen Apollo","4","2051","21.34"
"Grit Clockwork","8","4101","21.33"
"Juggler Hardly","8","4099","21.32"
"Celebrity Horn","6","3072","21.31"
"Early Home","2","1023","21.29"
"Lola Agent","6","3068","21.28"
"Movie Shakespeare","6","3066","21.27"
"Savannah Town","3","1530","21.22"
"Stagecoach Armageddon","6","3060","21.22"
"Working Microcosmos","6","3058","21.21"
"Fatal Haunted","7","3557","21.15"
"Strangelove Desire","7","3555","21.13"
"Miracle Virtual","2","1013","21.08"
"Dancing Fever","8","4046","21.05"
"Bucket Brotherhood","8","4037","21.00"
"Suspects Quills","7","3525","20.96"
"Intolerable Intentions","2","1007","20.95"
"Feathers Metal","3","1508","20.92"
"Mulan Moon","3","1507","20.90"
"Speakeasy Date","3","1507","20.90"
"Darn Forrester","5","2502","20.82"
"Pilot Hoosiers","4","1998","20.79"
"Goldmine Tycoon","7","3487","20.73"
"Massage Image","3","1492","20.70"
"Paris Weekend","4","1990","20.70"
"Sleuth Orient","5","2486","20.69"
"Uprising Uptown","4","1987","20.67"
"Bingo Talented","8","3971","20.66"
"Sleepy Japanese","5","2481","20.65"
"Wedding Apollo","6","2974","20.63"
"Sagebrush Clueless","5","2478","20.62"
"Egypt Tenenbaums","5","2477","20.62"
"Borrowers Bedazzled","6","2972","20.61"
"Camelot Vacation","7","3462","20.58"
"Fool Mockingbird","6","2966","20.57"
"Diary Panic","2","988","20.56"
"Agent Truman","6","2962","20.54"
"Empire Malkovich","6","2961","20.54"
"Bugsy Song","3","1478","20.50"
"Mars Roman","5","2463","20.50"
"Whisperer Giant","6","2951","20.47"
"Wait Cider","6","2950","20.46"
"Natural Stock","3","1473","20.43"
"Kwai Homeward","6","2945","20.43"
"Banger Pinocchio","5","2454","20.42"
"Ishtar Rocketeer","2","981","20.41"
"Park Citizen","2","981","20.41"
"Bird Independence","3","1471","20.41"
"Cleopatra Devil","5","2448","20.37"
"Valley Packer","4","1958","20.37"
"Chisum Behavior","3","1466","20.34"
"Enemy Odds","7","3419","20.33"
"Chicken Hellfighters","5","2442","20.32"
"Philadelphia Wife","6","2929","20.31"
"Shakespeare Saddle","6","2929","20.31"
"Splash Gump","4","1949","20.28"
"Freddy Storm","6","2924","20.28"
"Tramp Others","5","2435","20.27"
"Frost Head","8","3892","20.25"
"Slipper Fidelity","4","1943","20.21"
"Goodfellas Salute","8","3883","20.20"
"October Submarine","3","1455","20.18"
"Jet Neighbors","6","2910","20.18"
"Finding Anaconda","3","1455","20.18"
"Gunfight Moon","6","2906","20.16"
"Open African","5","2419","20.13"
"Details Packer","5","2418","20.12"
"Haunting Pianist","6","2901","20.12"
"Murder Antitrust","6","2899","20.11"
"Reservoir Adaptation","3","1450","20.11"
"Lover Truman","3","1448","20.09"
"Cabin Flash","4","1930","20.08"
"Dwarfs Alter","2","965","20.08"
"Harry Idaho","8","3852","20.04"
"Idols Snatchers","7","3367","20.02"
"Wanda Chamber","4","1920","19.98"
"Mallrats United","7","3358","19.96"
"West Lion","4","1919","19.96"
"Gentlemen Stage","6","2877","19.95"
"Secret Groundhog","5","2397","19.95"
"Mourning Purple","5","2394","19.93"
"Chamber Italian","4","1915","19.92"
"Odds Boogie","4","1913","19.90"
"Confused Candles","5","2388","19.88"
"Cause Date","6","2862","19.85"
"Novocaine Flight","5","2384","19.84"
"Records Zorro","2","953","19.83"
"Glass Dying","4","1898","19.75"
"Lies Treatment","7","3320","19.74"
"Wyoming Storm","3","1423","19.74"
"Cincinatti Whisperer","4","1895","19.71"
"Analyze Hoosiers","4","1895","19.71"
"Army Flintstones","4","1893","19.69"
"Rollercoaster Bringing","3","1419","19.68"
"Velvet Terminator","6","2836","19.67"
"Princess Giant","7","3308","19.67"
"Sinners Atlantis","6","2833","19.65"
"Stone Fire","3","1416","19.64"
"Alaska Phantom","7","3303","19.64"
"Super Wyoming","4","1888","19.64"
"Million Ace","5","2358","19.63"
"Rebel Airport","2","943","19.62"
"Chance Resurrection","7","3298","19.61"
"Effect Gladiator","7","3298","19.61"
"Shrunk Divine","4","1884","19.60"
"Coneheads Smoochy","7","3296","19.59"
"Forrester Comancheros","7","3285","19.53"
"Angels Life","6","2814","19.52"
"Tycoon Gathering","4","1875","19.51"
"Titans Jerk","8","3750","19.51"
"Closer Bang","7","3279","19.49"
"Tights Dawn","7","3277","19.48"
"Unforgiven Zoolander","5","2338","19.46"
"Killer Innocent","2","935","19.45"
"Igby Maker","5","2335","19.43"
"Fury Murder","5","2335","19.43"
"High Encino","6","2800","19.42"
"Vampire Whale","3","1400","19.42"
"Jade Bunch","4","1866","19.41"
"Detective Vision","7","3264","19.40"
"Runaway Tenenbaums","2","932","19.39"
"Core Suit","5","2328","19.38"
"Sunrise League","6","2792","19.36"
"Talented Homicide","7","3257","19.36"
"Escape Metropolis","6","2791","19.36"
"Something Duck","5","2324","19.34"
"Darko Dorado","3","1392","19.31"
"Siege Madre","4","1856","19.31"
"Blues Instinct","5","2317","19.28"
"Waterfront Deliverance","5","2316","19.28"
"Bringing Hysterical","6","2780","19.28"
"Modern Dorado","4","1852","19.27"
"Newsies Story","2","925","19.25"
"Comforts Rush","4","1850","19.25"
"Loser Hustler","4","1849","19.24"
"Alley Evolution","4","1849","19.24"
"Knock Warlock","7","3237","19.24"
"Tracy Cider","7","3232","19.21"
"Drumline Cyclone","3","1385","19.21"
"Trainspotting Strangers","3","1384","19.20"
"Flintstones Happiness","5","2307","19.20"
"Samurai Lion","7","3227","19.18"
"Holiday Games","4","1843","19.17"
"Kissing Dolls","5","2302","19.16"
"Charade Duffel","4","1842","19.16"
"Menagerie Rushmore","2","921","19.16"
"Flatliners Killer","6","2763","19.16"
"Brooklyn Desert","6","2759","19.14"
"Feud Frogmen","6","2755","19.11"
"Personal Ladybugs","4","1835","19.09"
"Frontier Cabin","2","917","19.08"
"Jericho Mulan","5","2293","19.08"
"Words Hunter","4","1832","19.06"
"Baby Hall","2","916","19.06"
"Deer Virginian","8","3660","19.04"
"Hunger Roof","4","1830","19.04"
"Drums Dynamite","4","1830","19.04"
"Expecations Natural","5","2286","19.03"
"Circus Youth","4","1829","19.03"
"Annie Identity","5","2285","19.02"
"Double Wrath","7","3199","19.02"
"Crooked Frogmen","6","2738","18.99"
"Others Soup","6","2738","18.99"
"Autumn Crow","3","1368","18.98"
"Steers Armageddon","4","1822","18.96"
"Date Speed","4","1822","18.96"
"American Circus","6","2731","18.94"
"Enough Raging","5","2276","18.94"
"Arachnophobia Rollercoaster","7","3184","18.93"
"None Spiking","7","3181","18.91"
"Spirited Casualties","3","1363","18.91"
"Christmas Moonshine","6","2725","18.90"
"Eyes Driving","5","2270","18.89"
"Harper Dying","6","2723","18.89"
"Flying Hook","6","2722","18.88"
"Hanover Galaxy","4","1814","18.87"
"Chocolat Harry","6","2719","18.86"
"Zoolander Fiction","5","2261","18.82"
"Mother Oleander","5","2261","18.82"
"Dolls Rage","3","1356","18.81"
"Shock Cabin","8","3615","18.80"
"Sun Confessions","7","3160","18.79"
"Ties Hunger","3","1354","18.78"
"Maude Mod","2","902","18.77"
"Hotel Happiness","2","900","18.73"
"Interview Liaisons","5","2251","18.73"
"Eagles Panky","6","2697","18.71"
"Contact Anonymous","7","3145","18.70"
"Sleepless Monsoon","5","2247","18.70"
"Leathernecks Dwarfs","2","897","18.66"
"Dream Pickup","6","2691","18.66"
"Trading Pinocchio","7","3138","18.66"
"Resurrection Silverado","5","2242","18.66"
"Fidelity Devil","6","2689","18.65"
"Congeniality Quest","6","2687","18.64"
"Anaconda Confessions","5","2240","18.64"
"Darkness War","4","1790","18.62"
"Queen Luke","6","2684","18.62"
"Pocus Pulp","7","3132","18.62"
"Cranes Reservoir","3","1342","18.62"
"Shane Darkness","4","1790","18.62"
"Legally Secretary","2","894","18.60"
"Music Boondock","5","2235","18.60"
"Kane Exorcist","3","1339","18.57"
"Confidential Interview","8","3569","18.57"
"Breakfast Goldfinger","5","2231","18.57"
"Wife Turn","8","3565","18.54"
"Coast Rainbow","5","2227","18.54"
"Caddyshack Jedi","4","1782","18.54"
"Clue Grail","2","891","18.54"
"Illusion Amelie","4","1780","18.52"
"Trouble Date","6","2669","18.51"
"Panic Club","2","889","18.50"
"Edge Kissing","4","1778","18.50"
"Betrayed Rear","4","1777","18.49"
"Heavenly Gun","2","888","18.48"
"Downhill Enough","7","3108","18.48"
"Wind Phantom","6","2663","18.47"
"Cyclone Family","4","1775","18.47"
"Pulp Beverly","8","3546","18.45"
"Moulin Wake","5","2215","18.44"
"Karate Moon","6","2656","18.42"
"Candles Grapes","6","2655","18.41"
"Dangerous Uptown","4","1770","18.41"
"Peach Innocent","4","1770","18.41"
"Silverado Goldfinger","4","1770","18.41"
"Control Anthem","2","884","18.39"
"Gilmore Boiled","8","3536","18.39"
"Attacks Hate","5","2208","18.38"
"Wars Pluto","3","1325","18.38"
"Yentl Idaho","6","2647","18.36"
"Sweethearts Suspects","8","3529","18.36"
"Cat Coneheads","8","3529","18.36"
"Vanished Garden","2","882","18.35"
"Moonwalker Fool","4","1764","18.35"
"Prejudice Oleander","6","2644","18.34"
"Opposite Necklace","3","1321","18.32"
"Liberty Magnificent","4","1761","18.32"
"Casualties Encino","3","1321","18.32"
"Breaking Home","3","1319","18.30"
"Mod Secretary","3","1317","18.27"
"Santa Paris","3","1317","18.27"
"Maiden Home","6","2633","18.26"
"Minority Kiss","3","1316","18.25"
"Side Ark","4","1754","18.25"
"Poseidon Forever","5","2191","18.24"
"Wasteland Divine","4","1753","18.24"
"Bulworth Commandments","2","876","18.23"
"Coldblooded Darling","5","2190","18.23"
"Videotape Arsenic","7","3065","18.22"
"Mine Titans","6","2626","18.21"
"Groundhog Uncut","5","2188","18.21"
"Punk Divorce","2","875","18.21"
"Horn Working","6","2625","18.21"
"Clerks Angels","2","874","18.19"
"Newton Labyrinth","5","2185","18.19"
"Orange Grapes","7","3054","18.16"
"Watership Frontier","2","873","18.16"
"Tarzan Videotape","2","873","18.16"
"Lonely Elephant","4","1744","18.14"
"Barefoot Manchurian","5","2178","18.13"
"Doctor Grail","2","871","18.12"
"Peak Forever","5","2176","18.11"
"Lolita World","3","1305","18.10"
"Opus Ice","3","1305","18.10"
"Ballroom Mockingbird","2","870","18.10"
"Stage World","3","1304","18.09"
"Searchers Wait","4","1739","18.09"
"Gold River","4","1738","18.08"
"Eve Resurrection","2","868","18.06"
"Brannigan Sunrise","3","1301","18.05"
"Truman Crazy","6","2600","18.03"
"Legend Jedi","3","1300","18.03"
"Jingle Sagebrush","3","1299","18.02"
"Window Side","3","1298","18.01"
"Clash Freddy","7","3029","18.01"
"House Dynamite","6","2595","18.00"
"Married Go","8","3461","18.00"
"Expendable Stallion","8","3461","18.00"
"Satisfaction Confidential","5","2162","17.99"
"Salute Apollo","6","2592","17.98"
"Vietnam Smoochy","4","1728","17.98"
"Hurricane Affair","7","3023","17.97"
"Secrets Paradise","6","2589","17.96"
"Fire Wolves","2","862","17.94"
"Moonshine Cabin","6","2587","17.94"
"Deep Crusade","4","1723","17.93"
"Slums Duck","7","3014","17.92"
"Mosquito Armageddon","4","1722","17.92"
"Island Exorcist","7","3015","17.92"
"Curtain Videotape","8","3445","17.92"
"Dalmations Sweden","6","2584","17.92"
"Heaven Freedom","5","2151","17.90"
"Hustler Party","8","3434","17.86"
"Patriot Roman","5","2142","17.83"
"Snatch Slipper","7","3000","17.83"
"World Leathernecks","2","857","17.83"
"Blindness Gun","4","1712","17.81"
"Oscar Gold","7","2996","17.81"
"Dogma Family","8","3424","17.81"
"Graffiti Love","7","2995","17.81"
"Alien Center","6","2566","17.80"
"Goldfinger Sensibility","7","2993","17.79"
"Microcosmos Paradise","4","1709","17.78"
"Hyde Doctor","6","2563","17.78"
"Quills Bull","4","1709","17.78"
"Weekend Personal","5","2135","17.77"
"Motions Details","4","1708","17.77"
"Clones Pinocchio","5","2135","17.77"
"Maker Gables","3","1280","17.76"
"Vision Torque","2","853","17.75"
"Pure Runner","5","2133","17.75"
"Desire Alien","2","853","17.75"
"Chasing Fight","6","2556","17.73"
"Earth Vision","7","2983","17.73"
"Moon Bunch","8","3407","17.72"
"Language Cowboy","3","1275","17.69"
"Perfect Groove","6","2551","17.69"
"Saturday Lambs","8","3399","17.68"
"Neighbors Charade","6","2549","17.68"
"Story Side","7","2973","17.67"
"Memento Zoolander","4","1698","17.67"
"Stampede Disturbing","4","1698","17.67"
"Jacket Frisco","5","2122","17.66"
"Kick Savannah","5","2120","17.64"
"Attraction Newton","6","2544","17.64"
"Chicago North","5","2120","17.64"
"Show Lord","6","2540","17.62"
"Beauty Grease","6","2539","17.61"
"Pond Seattle","6","2536","17.59"
"Ferris Mother","4","1691","17.59"
"Monster Spartacus","4","1690","17.58"
"Zorro Ark","8","3377","17.57"
"Hawk Chill","2","844","17.56"
"Bilko Anonymous","4","1688","17.56"
"Drifter Commandments","6","2532","17.56"
"Egg Igby","7","2953","17.56"
"Jedi Beneath","5","2108","17.54"
"Fish Opus","7","2948","17.53"
"Luke Mummy","2","841","17.50"
"Beethoven Exorcist","3","1258","17.45"
"Saturn Name","4","1676","17.44"
"Lesson Cleopatra","2","838","17.44"
"Storm Happiness","8","3350","17.43"
"French Holiday","5","2094","17.43"
"Devil Desire","4","1675","17.43"
"Metropolis Coma","8","3348","17.42"
"Potter Connecticut","5","2092","17.41"
"Gables Metropolis","5","2088","17.38"
"Sea Virgin","6","2505","17.37"
"Scissorhands Slums","3","1252","17.37"
"Daisy Menagerie","4","1669","17.36"
"Dying Maker","4","1668","17.35"
"Rush Goodfellas","8","3334","17.34"
"Caribbean Liberty","3","1249","17.33"
"Necklace Outbreak","4","1663","17.30"
"Translation Summer","4","1662","17.29"
"Behavior Runaway","4","1662","17.29"
"Jason Trap","7","2908","17.29"
"Gangs Pride","7","2906","17.28"
"Boiled Dares","4","1661","17.28"
"Honey Ties","6","2491","17.28"
"Greatest North","8","3318","17.26"
"Chariots Conspiracy","5","2072","17.25"
"Dude Blindness","4","1655","17.22"
"Durham Panky","7","2897","17.22"
"Willow Tracy","5","2069","17.22"
"Spy Mile","8","3309","17.21"
"Conquerer Nuts","4","1653","17.20"
"Roots Remember","5","2066","17.20"
"United Pilot","5","2065","17.19"
"Alamo Videotape","7","2888","17.17"
"Shepherd Midsummer","7","2887","17.16"
"Frogmen Breaking","3","1236","17.15"
"Rugrats Shakespeare","8","3297","17.15"
"Candidate Perdition","6","2471","17.14"
"Bonnie Holocaust","4","1647","17.13"
"Impossible Prejudice","4","1644","17.10"
"Matrix Snowman","2","821","17.08"
"Outfield Massacre","6","2462","17.08"
"Reap Unfaithful","5","2052","17.08"
"Holocaust Highball","5","2050","17.06"
"Shootist Superfly","7","2868","17.05"
"Graduate Lord","5","2046","17.03"
"Volcano Texas","6","2451","17.00"
"Hunter Alter","2","817","17.00"
"Pinocchio Simon","6","2449","16.99"
"Driving Polish","6","2446","16.96"
"Ending Crowds","3","1223","16.96"
"Alter Victory","6","2444","16.95"
"Party Knock","4","1628","16.94"
"Clueless Bucket","7","2848","16.93"
"Mission Zoolander","5","2034","16.93"
"Ladybugs Armageddon","2","813","16.92"
"Blanket Beverly","4","1624","16.90"
"Pluto Oleander","4","1624","16.90"
"Donnie Alley","4","1623","16.89"
"Clockwork Paradise","3","1217","16.88"
"Lord Arizona","3","1217","16.88"
"Virgin Daisy","5","2027","16.87"
"Hook Chariots","4","1620","16.85"
"Highball Potter","6","2428","16.84"
"Ice Crossing","7","2832","16.84"
"Monsoon Cause","3","1214","16.84"
"Lambs Cincinatti","3","1213","16.83"
"Sierra Divide","5","2022","16.83"
"Jumanji Blade","2","809","16.83"
"Lawless Vision","4","1617","16.82"
"Liaisons Sweet","6","2420","16.78"
"Command Darling","6","2418","16.77"
"Disturbing Scarface","7","2819","16.76"
"Pirates Roxanne","6","2416","16.76"
"Vacation Boondock","6","2415","16.75"
"Soup Wisdom","2","803","16.71"
"Roses Treasure","8","3212","16.71"
"Bed Highball","2","803","16.71"
"Excitement Eve","6","2406","16.69"
"Right Cranes","3","1203","16.69"
"Name Detective","6","2406","16.69"
"Campus Remember","7","2806","16.68"
"Seabiscuit Punk","8","3207","16.68"
"Youth Kick","2","801","16.67"
"Vanilla Day","3","1202","16.67"
"Road Roxanne","6","2402","16.66"
"Song Hedwig","3","1201","16.66"
"Divine Resurrection","4","1601","16.66"
"Fargo Gandhi","6","2400","16.65"
"Fireball Philadelphia","7","2800","16.65"
"Hedwig Alter","3","1200","16.65"
"Gunfighter Mussolini","4","1599","16.64"
"Cider Desire","6","2399","16.64"
"Silence Kane","5","1998","16.63"
"Hysterical Grail","4","1598","16.63"
"Chainsaw Uptown","6","2396","16.62"
"Citizen Shrek","4","1597","16.61"
"Boogie Amelie","8","3193","16.61"
"Coma Head","7","2792","16.60"
"Greek Everyone","5","1995","16.60"
"Thief Pelican","6","2391","16.58"
"Robbery Bright","4","1594","16.58"
"Dracula Crystal","6","2390","16.58"
"Dawn Pond","6","2388","16.56"
"Rouge Squad","5","1988","16.55"
"Falcon Volume","6","2386","16.55"
"Lock Rear","4","1590","16.54"
"State Wasteland","4","1590","16.54"
"Maguire Apache","3","1192","16.53"
"Shawshank Bubble","6","2384","16.53"
"Craft Outfield","4","1588","16.52"
"Apache Divine","8","3176","16.52"
"Manchurian Curtain","5","1980","16.48"
"Frisco Forrest","3","1188","16.48"
"Flash Wars","4","1583","16.47"
"Roxanne Rebel","5","1975","16.44"
"Shrek License","3","1185","16.44"
"Room Roman","6","2368","16.42"
"Horror Reign","8","3155","16.41"
"Forrest Sons","6","2364","16.40"
"Pajama Jawbreaker","4","1576","16.40"
"Loathing Legally","8","3153","16.40"
"Beast Hunchback","3","1182","16.40"
"Amadeus Holy","6","2363","16.39"
"Dragonfly Strangers","5","1969","16.39"
"Mob Duffel","4","1574","16.38"
"Notting Speakeasy","3","1181","16.38"
"Worst Banger","5","1967","16.37"
"Midsummer Groundhog","6","2358","16.35"
"Blackout Private","7","2750","16.35"
"California Birds","4","1570","16.33"
"Secretary Rouge","6","2353","16.32"
"Soldiers Evolution","2","782","16.27"
"Scalawag Duck","8","3125","16.26"
"Cassidy Wyoming","2","781","16.25"
"Half Outfield","7","2731","16.24"
"Freaky Pocus","4","1560","16.23"
"Amelie Hellfighters","3","1169","16.22"
"Snowman Rollercoaster","7","2726","16.21"
"Identity Lover","4","1558","16.21"
"Patton Interview","7","2727","16.21"
"Divide Monster","6","2334","16.19"
"Innocent Usual","8","3111","16.18"
"Independence Hotel","6","2333","16.18"
"Scorpion Apollo","7","2720","16.17"
"Nightmare Chill","7","2718","16.16"
"Young Language","2","776","16.15"
"Atlantis Cause","7","2716","16.15"
"Oz Liaisons","6","2327","16.14"
"Dares Pluto","3","1163","16.13"
"Patient Sister","5","1935","16.10"
"Sleeping Suspects","7","2706","16.09"
"Swarm Gold","8","3094","16.09"
"Hunchback Impossible","6","2319","16.08"
"Reunion Witches","5","1932","16.08"
"Packer Madigan","6","2317","16.07"
"Wrath Mile","4","1545","16.07"
"Stranger Strangers","3","1158","16.06"
"Pacific Amistad","6","2309","16.01"
"Lion Uncut","6","2307","16.00"
"Muscle Bright","8","3074","15.99"
"Fiddler Lost","3","1153","15.99"
"Boulevard Mob","6","2304","15.98"
"Submarine Bed","4","1534","15.96"
"Dirty Ace","5","1918","15.96"
"Head Stranger","7","2684","15.96"
"Torque Bound","8","3067","15.95"
"South Wait","7","2683","15.95"
"Earring Instinct","6","2300","15.95"
"Sling Luke","2","766","15.94"
"Sense Greek","2","766","15.94"
"Model Fish","4","1530","15.92"
"Worker Tarzan","5","1912","15.91"
"Mermaid Insects","5","1910","15.90"
"Range Moonwalker","7","2675","15.90"
"Badman Dawn","6","2291","15.89"
"Graceland Dynamite","2","763","15.88"
"Suit Walls","6","2290","15.88"
"Malkovich Pet","7","2669","15.87"
"Tootsie Pilot","4","1524","15.86"
"Paradise Sabrina","6","2286","15.86"
"Club Graffiti","5","1904","15.85"
"Birdcage Casper","3","1142","15.84"
"Random Go","3","1140","15.81"
"Star Operation","7","2660","15.81"
"Pizza Jumanji","2","759","15.79"
"Day Unfaithful","5","1895","15.77"
"Rider Caddyshack","4","1516","15.77"
"Hours Rage","6","2272","15.76"
"Aladdin Calendar","7","2649","15.75"
"Anonymous Human","4","1513","15.74"
"Family Sweet","8","3022","15.72"
"Spirit Flintstones","4","1511","15.72"
"Center Dinosaur","6","2265","15.71"
"Academy Dinosaur","7","2638","15.68"
"Labyrinth League","4","1504","15.65"
"Carrie Bunch","7","2630","15.64"
"Reign Gentlemen","7","2628","15.62"
"Factory Dragon","4","1500","15.61"
"Evolution Alter","4","1500","15.61"
"Rocky War","5","1873","15.59"
"School Jacket","2","749","15.58"
"Fiction Christmas","7","2619","15.57"
"Extraordinary Conquerer","2","748","15.56"
"Hope Tootsie","5","1866","15.53"
"Raging Airplane","4","1492","15.52"
"Taxi Kick","5","1865","15.52"
"Caper Motions","7","2610","15.52"
"Fantasia Park","6","2236","15.51"
"Requiem Tycoon","6","2235","15.50"
"Turn Star","4","1489","15.49"
"Everyone Craft","3","1117","15.49"
"Destination Jerk","3","1114","15.45"
"Carol Texas","6","2227","15.45"
"Homicide Peach","6","2226","15.44"
"Bill Others","6","2224","15.43"
"President Bang","2","740","15.40"
"Won Dares","3","1110","15.40"
"Chill Luck","7","2589","15.39"
"Meet Chocolate","4","1476","15.36"
"Lose Inch","8","2949","15.34"
"Potluck Mixed","3","1106","15.34"
"Magnolia Forrester","4","1474","15.33"
"Platoon Instinct","2","737","15.33"
"Virginian Pluto","8","2946","15.32"
"Summer Scarface","5","1838","15.30"
"Voice Peach","6","2206","15.30"
"Invasion Cyclone","8","2942","15.30"
"Fight Jawbreaker","6","2206","15.30"
"Watch Tracy","5","1838","15.30"
"Encounters Curtain","6","2204","15.29"
"Wonderland Christmas","7","2570","15.28"
"Iron Moon","3","1101","15.27"
"Bound Cheaper","8","2933","15.26"
"Alone Trip","6","2197","15.24"
"Strictly Scarface","7","2561","15.23"
"Simon North","2","732","15.23"
"Calendar Gunfight","7","2556","15.20"
"Sassy Packer","4","1461","15.20"
"Lebowski Soldiers","6","2190","15.19"
"Oklahoma Jumanji","2","729","15.17"
"Thin Sagebrush","4","1454","15.13"
"Wisdom Worker","3","1089","15.11"
"Human Graffiti","5","1814","15.10"
"Stepmom Dream","7","2539","15.09"
"Forever Candidate","4","1450","15.09"
"Drop Waterfront","3","1087","15.08"
"Paths Control","4","1449","15.07"
"Conversation Downhill","6","2171","15.06"
"Nuts Ties","3","1085","15.05"
"Paycheck Wait","5","1808","15.05"
"Sundance Invasion","6","2169","15.04"
"Reef Salute","4","1445","15.03"
"Connection Microcosmos","2","722","15.02"
"Arabia Dogma","4","1443","15.01"
"Tomorrow Hustler","7","2519","14.98"
"Gilbert Pelican","4","1437","14.95"
"Jeopardy Encino","3","1077","14.94"
"Affair Prejudice","7","2512","14.93"
"Go Purple","6","2148","14.90"
"Remember Diary","6","2149","14.90"
"League Hellfighters","6","2149","14.90"
"Divorce Shining","2","716","14.90"
"Redemption Comforts","7","2503","14.88"
"Jerk Paycheck","7","2503","14.88"
"Holes Brannigan","5","1788","14.88"
"Primary Glass","8","2858","14.87"
"Telemark Heartbreakers","8","2859","14.87"
"Beneath Rush","3","1071","14.86"
"Spinal Rocky","5","1784","14.85"
"Operation Operation","8","2855","14.85"
"Louisiana Harry","5","1782","14.83"
"River Outlaw","7","2495","14.83"
"Indian Love","6","2134","14.80"
"Armageddon Lost","7","2488","14.79"
"Spiking Element","4","1421","14.78"
"Giant Troopers","8","2836","14.75"
"Cupboard Sinners","8","2829","14.72"
"Creepers Kane","4","1415","14.72"
"Town Ark","4","1415","14.72"
"Instinct Airport","5","1766","14.70"
"Grease Youth","6","2119","14.70"
"Kramer Chocolate","3","1060","14.70"
"Past Suicides","4","1413","14.70"
"Towers Hurricane","3","1059","14.69"
"Dumbo Lust","2","705","14.67"
"Trip Newton","8","2814","14.64"
"Pity Bound","8","2815","14.64"
"Grinch Massage","5","1752","14.58"
"Canyon Stock","6","2102","14.58"
"North Tequila","3","1051","14.58"
"Berets Agent","6","2100","14.57"
"Intrigue Worst","7","2449","14.56"
"Jekyll Frogmen","6","2097","14.54"
"Minds Truman","7","2444","14.53"
"Dynamite Tarzan","8","2792","14.52"
"Mulholland Beast","2","698","14.52"
"Clyde Theory","3","1046","14.51"
"Money Harold","7","2439","14.50"
"Insider Arizona","5","1740","14.48"
"Steel Santa","7","2434","14.47"
"Spoilers Hellfighters","3","1042","14.45"
"Straight Hours","6","2083","14.45"
"Doubtfire Labyrinth","3","1040","14.43"
"Unfaithful Kill","3","1039","14.41"
"Guys Falcon","3","1036","14.37"
"Fever Empire","2","690","14.36"
"Desert Poseidon","6","2068","14.34"
"Flamingos Connecticut","7","2411","14.33"
"Lady Stage","6","2066","14.33"
"Rock Instinct","6","2063","14.31"
"Splendor Patton","7","2404","14.29"
"Tuxedo Mile","5","1717","14.29"
"Bride Intrigue","6","2059","14.28"
"Blade Polish","6","2055","14.25"
"Theory Mermaid","4","1369","14.24"
"Mummy Creatures","6","2052","14.23"
"Hellfighters Sierra","6","2052","14.23"
"Uptown Young","3","1026","14.23"
"Quest Mussolini","6","2050","14.22"
"Racer Egg","6","2050","14.22"
"Crow Grease","4","1363","14.18"
"National Story","6","2043","14.17"
"Bull Shawshank","5","1703","14.17"
"Magic Mallrats","2","680","14.15"
"Maltese Hope","7","2379","14.14"
"Confessions Maguire","5","1697","14.12"
"Mockingbird Hollywood","8","2708","14.09"
"Hollywood Anonymous","4","1353","14.08"
"Wolves Desire","6","2029","14.07"
"Birds Perdition","6","2026","14.05"
"Shining Roses","3","1012","14.04"
"Dinosaur Secretary","8","2695","14.02"
"Homeward Cider","4","1347","14.01"
"Titanic Boondock","7","2356","14.01"
"Undefeated Dalmations","7","2354","13.99"
"Sensibility Rear","3","1008","13.98"
"Image Princess","5","1680","13.98"
"Encino Elf","6","2012","13.95"
"Kiss Glory","8","2676","13.92"
"Creatures Shakespeare","6","2006","13.91"
"Spice Sorority","6","2002","13.89"
"Hardly Robbers","2","667","13.88"
"Inch Jet","6","2000","13.87"
"Casablanca Super","5","1666","13.87"
"Smoochy Control","4","1332","13.86"
"Baked Cleopatra","5","1661","13.82"
"Bunch Minds","2","662","13.77"
"Beverly Outlaw","8","2647","13.77"
"Frida Slipper","4","1322","13.75"
"Idaho Love","5","1650","13.73"
"Airplane Sierra","5","1649","13.72"
"Sabrina Midnight","7","2305","13.70"
"Heavyweights Beast","8","2628","13.67"
"Bang Kwai","2","657","13.67"
"Jaws Harry","5","1642","13.67"
"Wonka Sea","6","1969","13.66"
"Pet Haunting","3","984","13.65"
"Express Lonely","4","1310","13.63"
"Joon Northwest","5","1636","13.62"
"Sting Personal","8","2616","13.61"
"Temple Attraction","4","1308","13.61"
"Exorcist Sting","5","1633","13.59"
"Games Bowfinger","4","1306","13.59"
"Midnight Westward","5","1626","13.53"
"Bedazzled Married","4","1300","13.52"
"Streetcar Intentions","8","2600","13.52"
"Dragon Squad","4","1300","13.52"
"Arizona Bang","7","2273","13.51"
"Rage Games","6","1946","13.50"
"Prix Undefeated","3","969","13.44"
"Element Freddy","4","1291","13.43"
"Driver Annie","5","1608","13.38"
"Alabama Devil","5","1605","13.36"
"Cruelty Unforgiven","2","641","13.34"
"Hall Cassidy","6","1918","13.30"
"Basic Easy","7","2233","13.28"
"Destiny Saturday","5","1591","13.24"
"Crazy Home","3","947","13.14"
"Masked Bubble","6","1891","13.12"
"Pollock Deliverance","6","1886","13.08"
"Amistad Midsummer","7","2196","13.06"
"Slacker Liaisons","6","1882","13.05"
"Women Dorado","7","2191","13.03"
"Musketeers Wait","6","1879","13.03"
"Monterey Labyrinth","4","1251","13.01"
"Nemo Campus","5","1559","12.98"
"Hoosiers Birdcage","3","935","12.97"
"Purple Movie","4","1247","12.97"
"Galaxy Sweethearts","6","1867","12.95"
"War Notting","5","1552","12.92"
"Vanishing Rocky","6","1855","12.87"
"License Weekend","2","617","12.84"
"Wizard Coldblooded","5","1543","12.84"
"Grapes Fury","7","2158","12.83"
"Pianist Outfield","7","2156","12.82"
"Stock Glass","4","1227","12.77"
"Grosse Wonderful","3","919","12.75"
"Phantom Glory","2","613","12.75"
"Daughter Madigan","4","1225","12.74"
"Italian African","2","611","12.71"
"Japanese Run","2","611","12.71"
"Apocalypse Flamingos","2","611","12.71"
"Desperate Trainspotting","2","609","12.67"
"Warlock Werewolf","2","609","12.67"
"Garden Island","8","2425","12.61"
"Duck Racer","2","606","12.61"
"Superfly Trip","3","907","12.58"
"Wild Apollo","2","604","12.57"
"Saints Bride","3","902","12.51"
"Scarface Bang","6","1802","12.50"
"Doors President","6","1799","12.48"
"Happiness United","2","600","12.48"
"Wrong Behavior","7","2097","12.47"
"Dances None","4","1199","12.47"
"Dozen Lion","2","599","12.46"
"Montezuma Command","3","895","12.42"
"Born Spinal","4","1193","12.41"
"Panther Reds","6","1788","12.40"
"Heartbreakers Bright","7","2077","12.35"
"Sorority Queen","4","1186","12.34"
"Private Drop","2","593","12.34"
"Elf Murder","2","592","12.32"
"Terminator Club","3","888","12.32"
"Smoking Barbarella","6","1773","12.30"
"Tomatoes Hellfighters","5","1475","12.28"
"Victory Academy","3","882","12.23"
"Godfather Diary","3","877","12.17"
"Spartacus Cheaper","4","1167","12.14"
"Birch Antitrust","5","1459","12.14"
"Varsity Trip","5","1459","12.14"
"Harold French","2","579","12.05"
"Chitty Lock","3","867","12.03"
"Orient Closer","6","1735","12.03"
"Deceiver Betrayed","7","2008","11.94"
"Gosford Donnie","3","859","11.92"
"Treatment Jekyll","2","573","11.92"
"Mixed Doors","2","571","11.88"
"Jersey Sassy","3","854","11.85"
"Cowboy Doom","2","566","11.78"
"Troopers Metal","6","1692","11.74"
"Lawrence Love","5","1409","11.73"
"Gathering Calendar","4","1127","11.72"
"Lovely Jingle","5","1390","11.57"
"Snatchers Montezuma","3","832","11.54"
"Seven Swarm","2","551","11.46"
"Casper Dragonfly","3","826","11.46"
"Usual Untouchables","4","1093","11.37"
"Chaplin License","3","816","11.32"
"Sons Interview","6","1627","11.28"
"Twisted Pirates","4","1083","11.27"
"Ace Goldfinger","3","812","11.26"
"Crossroads Casualties","8","2165","11.26"
"Greedy Roots","4","1081","11.25"
"Ship Wonderland","4","1075","11.18"
"Fugitive Maguire","4","1064","11.07"
"Bubble Grosse","2","531","11.05"
"Disciple Mother","6","1590","11.03"
"Mannequin Worst","2","529","11.01"
"Stallion Sundance","2","527","10.97"
"Haunted Antitrust","2","522","10.86"
"Runner Madigan","3","769","10.67"
"Gaslight Crusade","6","1537","10.66"
"Outlaw Hanky","6","1535","10.65"
"Trojan Tomorrow","6","1528","10.60"
"Sugar Wonka","6","1505","10.44"
"Adaptation Holes","4","998","10.38"
"Tenenbaums Command","4","990","10.30"
"Mussolini Spoilers","2","484","10.07"
"Braveheart Human","2","482","10.03"
"Conspiracy Spirit","2","481","10.01"
"Tequila Past","2","480","9.99"
"Pride Alamo","5","1198","9.97"
"Rushmore Mermaid","2","472","9.82"
"Vertigo Northwest","4","933","9.71"
"Intentions Empire","7","1630","9.69"
"Full Flatliners","2","452","9.40"
"Insects Stone","6","1351","9.37"
"Comancheros Enemy","2","445","9.26"
"Ali Forever","4","888","9.24"
"Shanghai Tycoon","6","1328","9.21"
"Glory Tracy","2","441","9.18"
"Texas Watch","2","434","9.03"
"Jawbreaker Brooklyn","3","620","8.60"
"Bowfinger Gables","4","826","8.59"
"Traffic Hobbit","2","408","8.49"
"Informer Double","2","407","8.47"
"Squad Fish","3","580","8.05"
"Lust Lock","6","1120","7.77"
"Freedom Cleopatra","2","355","7.39"
"Duffel Apocalypse","2","323","6.72"
"Train Bunch","2","321","6.68"
